9.192836827620888940e+00;1.948583088403635921e+00;-1.123167006149534464e+00;3.633730921680205395e+00;-1.195109205297862465e+00;0.000000000000000000e+00
2.387801794858905868e+00;-3.768171753637231003e+00;-5.292921897972422407e-01;1.118264039647469010e+00;6.217742614876824447e-01;0.000000000000000000e+00
5.733896279689889575e+00;-1.075173800671371582e+00;-5.517474635274772776e-01;9.120823364713342984e-01;-1.770855362617086426e-01;0.000000000000000000e+00
7.122953197694038785e+00;1.027558911829064137e+01;-3.232789361142708540e+00;1.525464920024729165e-01;-2.960877961696833260e+00;0.000000000000000000e+00
3.935302073354462582e+00;-1.948071569978273798e+00;1.389766922985421926e+00;2.940639444117250090e+00;5.467470509508094434e-01;0.000000000000000000e+00
2.380247150095261333e+00;3.949928890427262029e+00;-2.934876589546028924e+00;9.410367847103484618e-01;-1.056041841747517473e+00;0.000000000000000000e+00
2.238883308151441653e+00;-2.690031274528665417e+00;-1.639913088505727368e+00;1.493401382850435277e-01;4.035932503432847207e-02;0.000000000000000000e+00
2.143298500044773736e+00;2.340244003359552405e+00;-8.719470527862051012e-01;-1.270428069912345470e-01;-1.427436931738438775e+00;0.000000000000000000e+00
3.174924293593375246e+00;3.391812955260215201e+00;-3.119986066940647618e+00;-6.012974899194956091e-01;-1.522289619774346514e+00;0.000000000000000000e+00
6.351746786968918812e+00;7.727174032552994731e+00;-4.341914213624353813e+00;-3.375201477075693735e+00;1.710261817042990407e+00;0.000000000000000000e+00
-8.104137708606482526e-01;-2.659275498310732733e+00;-4.888297051048608455e-01;-1.672566770740881115e+00;2.758117327952916975e-01;0.000000000000000000e+00
2.651100477058427440e+00;6.656792235591223184e-02;-1.526455148534948458e+00;5.126154833648990938e-02;3.319512251480490894e-01;0.000000000000000000e+00
8.185034458392413725e+00;2.700976501309579891e+00;5.730230656302681247e+00;-1.112256687981715064e+00;1.043470095814132304e+00;0.000000000000000000e+00
3.421259136516481836e-01;-9.682792641657832489e-01;1.717171761389592266e+00;-5.950028348556480884e-01;4.680101640271791541e-01;0.000000000000000000e+00
4.342379194080244531e+00;4.861083305722299741e+00;-2.816115170308420179e+00;-1.454557072246410732e+00;1.290062458177765325e+00;0.000000000000000000e+00
4.075656174141445653e+00;2.977061165351003957e+00;-3.125273463744904667e+00;-2.458070590829348756e+00;-4.083429339102231936e-01;0.000000000000000000e+00
2.300550160130706845e-01;-1.564757722508153481e+00;-8.025193258087692794e-01;-6.505829638527091952e-01;-4.947107056972163130e-01;0.000000000000000000e+00
4.418010916582620240e+00;1.418670342268376627e+00;-2.270319388491827794e+00;-1.862724566189041808e-01;-1.423860905754120054e+00;0.000000000000000000e+00
4.948703550547207008e+00;-4.114333524398018582e+00;-3.147493245276613005e-01;-8.820584894463069647e-02;-5.671552023934162134e-02;0.000000000000000000e+00
-1.237063356924783752e+00;-1.882149527210309481e-01;-5.932835435607135555e-01;1.596346157235726482e+00;-4.421543115292674853e-01;1.000000000000000000e+00
-1.578161234621754394e+00;5.728081949035922493e-01;-1.801446756433628726e+00;1.125275586556533369e+00;-3.952695433277966242e-01;1.000000000000000000e+00
-3.557336373833209109e+00;1.662949898841975971e+00;4.511876156052925246e-01;2.073764679046211423e+00;-4.907465635272846294e-01;1.000000000000000000e+00
4.733210788319105689e+00;3.304963728643164345e+00;-1.466536723626951533e+00;2.041150021748280086e+00;-2.621994310928153771e-02;0.000000000000000000e+00
4.208524209208825084e+00;-5.128366511477737255e+00;-7.524023090530971292e-01;-8.627097607250597822e-01;-4.709680558838727493e-01;0.000000000000000000e+00
4.949632074839808382e+00;-1.543752276070462948e+00;-1.713194700215197486e+00;4.675988850911892009e-02;-1.739230084342402671e+00;0.000000000000000000e+00
7.098562855524738424e+00;2.018610345558573105e+00;-2.901002418211284795e-02;2.587950651526966794e+00;-2.039339609021958655e+00;0.000000000000000000e+00
3.510262603545419413e+00;2.171625108133077742e+00;-3.894546023067386287e+00;-1.295759973777175000e+00;-6.821796017992796946e-02;0.000000000000000000e+00
3.064053885668993615e+00;-1.876552350354476095e+00;2.581747883748038319e+00;1.284846553690168203e-01;-1.166656366686087687e-01;0.000000000000000000e+00
4.007264144313019472e+00;5.372421694062538000e-01;-2.761626063612617532e+00;-1.898387297115628813e+00;-5.256725625418607883e-01;0.000000000000000000e+00
1.715309726713302618e+00;-1.523705020621886952e+00;1.461870094469028269e-01;1.911386349562306464e+00;5.361233955454159927e-01;0.000000000000000000e+00
6.059445513771965608e+00;-7.571774468852821016e-01;-3.492395995304769518e-01;-1.064217373527316157e+00;-7.461051893844157235e-01;0.000000000000000000e+00
2.902236104161868724e+00;4.005295501726916285e+00;-3.001462003175314752e+00;-3.253160075571247534e-01;-8.553563876190933835e-01;0.000000000000000000e+00
4.554782689293308984e+00;3.375361582858834031e-01;-7.543010926458026955e-01;-7.003300059857487936e-01;-1.548544873435303337e+00;0.000000000000000000e+00
4.990602721735737823e+00;-1.132588912467773934e+00;-2.577383819780508123e+00;-1.217261281014691887e+00;6.699139511134587499e-01;0.000000000000000000e+00
2.985340788262766942e+00;7.584232309983470754e-01;-3.493761180862905658e+00;5.426016174827777427e-02;1.670998772185949000e-01;0.000000000000000000e+00
2.766369158321234867e+00;-3.543559356245570280e-01;-1.896963178099751790e+00;-5.342561814003397025e-01;-8.840199783599886896e-01;0.000000000000000000e+00
1.296198764554125971e+00;9.131962706995254697e-01;-1.575768389264193603e+00;-1.043166565023444958e+00;4.147214242639791770e-01;0.000000000000000000e+00
-3.749313396779909269e+00;-1.413473128916541199e+00;1.732308248083502589e+00;-5.654423675402426852e-01;8.033883301275489275e-02;1.000000000000000000e+00
-9.980689018558650538e-01;-3.351292934693418601e+00;4.305574538423469377e+00;-5.612095431002595003e-01;-4.643733923776522388e-01;0.000000000000000000e+00
7.652641147239338526e-01;8.862439463710979348e-01;-2.704918053099652830e+00;-2.747793450053384601e-01;8.104286031397617274e-01;0.000000000000000000e+00
-2.150953470676717938e+00;-1.923991615883436257e+00;-1.180484178823818731e+00;-1.113198055025563793e+00;4.484718768696985824e-01;0.000000000000000000e+00
-9.333138602564564068e-02;2.260752013588876341e+00;-1.904726813911357119e+00;-1.442307281053728074e+00;-1.705363619983351287e+00;0.000000000000000000e+00
9.087999677485480987e+00;2.018673104993350176e+00;2.141225967814845088e+00;-1.069243533790951162e+00;7.979311566366672492e-01;0.000000000000000000e+00
9.904537658784769993e-01;9.849300245590606462e-01;-2.310733847923394979e+00;-2.768255734724387462e-01;-6.405106731388187091e-01;0.000000000000000000e+00
-2.935465506155446880e-01;-1.370990887779829359e-01;-3.301931986428034094e+00;-1.009786206696637434e+00;-2.251039875290431619e-02;0.000000000000000000e+00
5.380940406870344361e+00;-1.348769765804077869e-01;-1.678842630210152453e+00;1.507695283550491538e+00;1.519977921548601174e-01;0.000000000000000000e+00
-4.581936671505935088e+00;1.484220324620808107e+00;4.207427441259874862e-02;2.962287962262032393e-01;-7.138518587875863908e-01;1.000000000000000000e+00
1.700006886279282092e+00;2.352271785071946120e+00;-3.078088722454864534e+00;-6.602109986353703330e-02;-1.056466577629776804e+00;0.000000000000000000e+00
-2.136445277135775811e+00;9.582961320189872789e-02;-1.492412041591804517e+00;1.121063408591645327e+00;-6.803737128647763255e-02;1.000000000000000000e+00
-1.567478997077753400e+00;-1.208433212762555442e+00;-3.691591438195835906e-01;-1.475628971202753270e+00;1.727506401196391705e-01;1.000000000000000000e+00
-3.542905557535183103e+00;-1.282495579017395304e+00;1.018210941499613220e+00;-6.081560752051506924e-01;-2.196360518485171165e-01;1.000000000000000000e+00
-3.157814050131537709e+00;-1.688958595138297492e+00;-4.962936739670286146e-01;1.940118572739798763e-01;1.439917707152404303e+00;1.000000000000000000e+00
-3.450488543783980067e+00;-4.982187173360889121e-01;-1.525178252838339799e-01;5.754865038260534860e-01;-5.231510702335199353e-02;1.000000000000000000e+00
3.302550951698009385e+00;-1.130937802205427722e+00;8.263924539770021171e-01;9.827168235544957442e-01;-1.195262640063645465e+00;0.000000000000000000e+00
-6.746192855720883896e-01;-2.116409715611180076e+00;-1.396219807846357908e+00;-1.043138560544262905e+00;2.418166426545052261e-01;0.000000000000000000e+00
-2.858158440340856643e+00;1.527231324037043314e-01;4.289350785063442695e-01;4.830604881201187584e-01;-1.510536830011909082e+00;1.000000000000000000e+00
4.648738872799208721e+00;-2.310332565834465335e+00;-7.288091379391580249e-01;6.399418271856769369e-01;-1.158324346940190486e+00;0.000000000000000000e+00
2.176862881736101762e+00;9.721160352683716477e-01;-1.943887898406679859e+00;-7.373186123082481336e-01;-3.957835376286586437e-01;0.000000000000000000e+00
-3.721458993177474639e+00;-1.787641652655121538e+00;1.279932921788643707e+00;1.155661898181336994e-01;-5.262828712046171420e-01;1.000000000000000000e+00
-4.135962943113764112e+00;2.403792493840017030e+00;-1.242958737179721496e+00;2.048346035743104476e+00;-1.165651910372645039e+00;1.000000000000000000e+00
-2.385835664044353432e+00;2.757658122558076741e+00;1.214085906702112139e+00;1.794490038812275756e+00;-3.338159324514260895e+00;1.000000000000000000e+00
-2.578883251969981139e+00;3.138671922146364590e+00;1.400280150944171798e+00;-7.638664354377094901e-01;-2.784095475273816067e+00;1.000000000000000000e+00
4.759112154335533695e+00;3.011680514074955628e+00;-1.662411120142321674e-01;-6.058275933934640367e-01;1.141701391260176113e+00;0.000000000000000000e+00
-2.314132249429149635e+00;3.267989678437011047e+00;2.796224185022267772e+00;5.657265837833486133e-01;-3.818342514543140442e-01;1.000000000000000000e+00
1.691607923517153278e+00;1.540676562070657507e+00;-1.799845510287317873e+00;-1.390589448755447100e+00;-1.212674921878971190e+00;0.000000000000000000e+00
1.812305405592182561e+00;7.227401971179184814e-01;-1.466249830008637733e+00;-1.198730397819206095e+00;-1.428040982434845230e+00;0.000000000000000000e+00
-2.785924756569860605e+00;2.310648712469401733e+00;4.727253330417641175e-01;-1.607160601691502322e+00;-1.612857886069647861e+00;1.000000000000000000e+00
-3.518648339394486069e+00;-6.583094649624009476e-01;5.913747494916399283e-01;-1.080255943036887920e-02;2.058907358956109726e-02;1.000000000000000000e+00
4.330002648182765590e+00;9.202525673100725001e+00;1.492963334754222382e+00;3.199474602284076430e-01;4.728170049370562289e+00;1.000000000000000000e+00
-3.261279473100159532e+00;-9.378381237875061949e-01;2.051301484322150537e-01;1.090071748081654190e+00;-4.603503094897120618e-01;1.000000000000000000e+00
2.704596172954540911e+00;-4.437141765186845888e+00;3.073450948193910959e-01;4.886931795816986668e-01;3.724950995782563279e-01;0.000000000000000000e+00
-3.078557685607386518e-01;7.387812199980428041e+00;3.819084864882823727e+00;2.133555623802406043e+00;2.710704158901563687e+00;1.000000000000000000e+00
5.503705314165440399e+00;9.383254016624115179e-01;-2.210131166612617548e+00;-1.523795298889184302e+00;9.248904824190451457e-01;0.000000000000000000e+00
-3.617091930102313002e-01;1.197390832360190893e-01;-2.040955664535962555e+00;1.058884198665285270e+00;7.571090026241037441e-01;0.000000000000000000e+00
-2.629976638572760983e+00;-6.973093698969048404e-01;-5.839416123184038021e-01;3.381815403002678688e-01;4.675455821905721288e-01;1.000000000000000000e+00
1.428167593254110246e+00;-1.967101405808283410e+00;1.111938579989530052e+00;7.529110562822712849e-01;-5.398817346920750104e-01;0.000000000000000000e+00
-8.345178817651449643e-01;1.965604860439699619e+00;7.904326246264966604e-01;3.437631500823469022e+00;-2.354551069197342361e+00;1.000000000000000000e+00
6.230896512047405800e+00;9.200695427395051418e-01;8.982733629285669097e-02;2.539158456369947192e+00;6.213615935155514941e-02;0.000000000000000000e+00
1.166871464908730083e+01;4.748617218437939158e+00;2.005878445073817851e+00;3.190493238954708599e-01;-3.391361201935606751e+00;0.000000000000000000e+00
-2.021577658494308594e+00;-2.548998341198367990e-01;-6.478719612841786768e-01;5.925133155078866898e-02;-5.484794148918545331e-02;1.000000000000000000e+00
-1.638384937254148577e+00;1.715949115609304299e+00;4.342062411411337086e-01;-1.527966358056847884e+00;-1.769381521292194170e+00;1.000000000000000000e+00
1.167461611155115930e+00;2.514515850634016392e+00;-1.905718774174347541e+00;6.383114762612150939e-01;2.361812275259787541e-01;1.000000000000000000e+00
1.076924282003024125e+01;-2.257982887479190737e+00;3.883536127809606581e-02;-3.893857889294610741e-01;1.187288981112410102e+00;0.000000000000000000e+00
5.034811086301222538e+00;7.744091637960608399e-01;2.682337665646239877e+00;-1.666504787665991305e+00;-3.116186257888174937e-01;0.000000000000000000e+00
-2.174464309478298052e+00;4.968779858436365160e-01;-9.490918502296771253e-01;2.072191784390547131e-01;-8.853460073722544399e-01;1.000000000000000000e+00
3.288235384696966968e+00;-1.668237062387143421e+00;1.469318774160340568e-01;4.374929614934752187e-01;-1.368569880730540866e+00;0.000000000000000000e+00
6.076079451293842082e-01;1.622145253002835741e-01;1.637374879303352015e+00;-1.114511544765193429e+00;-5.407953855891981521e-01;0.000000000000000000e+00
3.583563625463618951e+00;-2.206661847212442407e+00;-1.704535271620599257e+00;-8.012935473650496521e-01;3.653216740975282484e-01;0.000000000000000000e+00
-9.341581044722502281e-01;9.277014801263728794e-01;-4.016359670138720112e-02;-1.353398966611175869e+00;6.494208971102244377e-02;1.000000000000000000e+00
1.259604647203787176e+00;1.015577067033996972e+00;-8.059275816053669550e-02;2.051334876594625101e+00;1.375204238348028685e-01;1.000000000000000000e+00
-1.588263972408846758e+00;-1.619656830549941695e+00;3.099993211947544847e-01;-1.091998783046745913e+00;5.377383411822741349e-02;1.000000000000000000e+00
2.524975673712693269e-01;-5.313515501939690688e-01;5.893279295073654556e-01;-1.105384144758023018e-01;4.286811348701221602e-01;0.000000000000000000e+00
-2.847431586220857458e+00;-2.893647592488411746e+00;5.279885215402706500e-01;5.988168316856307127e-01;1.435697240329665281e+00;1.000000000000000000e+00
-1.964950112736515431e+00;-9.651569850594275968e-01;-8.120821519912412023e-02;-9.408075032932564086e-02;-5.500238277514036822e-01;1.000000000000000000e+00
2.775865569487237838e+00;5.580005334862171429e-01;-6.057715924970844545e-01;4.998301748545992962e-01;4.999058263291172866e-01;0.000000000000000000e+00
4.396227954427823548e+00;-2.123507715977766441e+00;5.795102045547300129e-01;-7.774134086908286445e-01;-3.038341683567268303e-01;0.000000000000000000e+00
-2.592082828682871209e+00;2.136339193257183466e-01;1.035611956798199840e+00;6.620057583306557802e-01;-5.407650755841749701e-01;1.000000000000000000e+00
-3.904338150485747061e+00;1.190066628333014132e+00;1.551981407111260092e+00;-9.357754223920706771e-01;-7.081204609098957770e-01;1.000000000000000000e+00
-2.818231212725437196e+00;3.678839867724567614e-01;-1.351435872707110297e+00;1.738414756718421383e+00;2.843217149939381572e-01;1.000000000000000000e+00
6.162808697850771233e-01;6.389116685759352876e-01;-1.999188236383530326e-01;-1.097498906525896656e+00;1.186897594736650713e-01;0.000000000000000000e+00
-4.328602205669788150e-01;-1.392044296424110650e+00;-8.271964178196880568e-02;-1.935279831044424803e+00;-3.446027301495099143e-02;0.000000000000000000e+00
-4.555028840260263223e+00;3.528786019828150433e+00;-2.152640873522582710e-01;1.091885661843382982e+00;-2.758348832245404836e+00;1.000000000000000000e+00
-3.448183540919435242e+00;-1.424622453409594369e+00;-8.872409137171162474e-02;-1.710728147595790061e+00;-1.066162269281697023e-01;1.000000000000000000e+00
-2.115960263857517898e+00;1.849373608419967230e+00;-5.566741486235752268e-01;-4.643562904089658105e-01;-4.749144416068518670e-01;1.000000000000000000e+00
-2.691352205306459133e+00;1.420061737068575969e+00;9.691508600689869857e-01;-2.859153809679582624e-03;-1.256518892605830828e+00;1.000000000000000000e+00
3.213916764076799826e+00;4.046756207552463458e+00;-2.715383849508490322e+00;1.328625631986349864e+00;-2.216738305134586251e-01;0.000000000000000000e+00
-7.492713563435490220e-01;1.797638517835167704e+00;-5.683657974836221483e-01;-5.604990555588335033e-01;-9.330960456755236221e-01;1.000000000000000000e+00
-3.159006036808094553e+00;-1.035749420948650190e+00;-1.490684370112805412e+00;-5.931689039015997089e-01;5.140865987733822529e-01;1.000000000000000000e+00
1.305612185966734629e+01;9.815132377033427558e-01;5.988120420481155559e-01;1.472930838852910318e+00;-5.999122735510074023e-01;0.000000000000000000e+00
-2.228679812813154637e+00;6.674106465546738587e-01;-1.091560739213052855e+00;-1.078301831825256629e+00;-2.991289728371238077e-01;1.000000000000000000e+00
-2.492831035606284829e+00;2.598686268716063896e+00;1.669725469575357613e+00;6.334862663210942824e-01;-1.156747633114749263e+00;1.000000000000000000e+00
-1.033504265154121943e-01;2.280143533818577151e+00;2.109562924401654271e+00;-3.518461880538106823e-01;6.224821672451434917e-01;1.000000000000000000e+00
3.591294119764117276e+00;3.926333170375165160e+00;2.047006094495802397e+00;-2.317663836643190367e-01;5.465264360278183631e+00;1.000000000000000000e+00
-1.348948683123759373e+00;3.556225095817013404e+00;1.732191474951433108e+00;-4.699078505964337377e-02;-3.452510070915307261e-01;1.000000000000000000e+00
-2.510117675594033759e+00;3.251319501459716932e+00;-1.687624321519574089e+00;1.189961130615218243e+00;-4.555868874747095454e-01;1.000000000000000000e+00
-2.046029572381180994e+00;3.048848687519876699e-01;-5.338388021071075462e-01;-4.898416463333828408e-01;-6.791226830788514579e-02;1.000000000000000000e+00
-2.097069168908244574e+00;3.667095886317484066e+00;3.632200285631052239e+00;1.539786451582905169e+00;2.236530799862450181e+00;1.000000000000000000e+00
3.110527693938008653e+00;1.569389565409096798e+00;-2.613936537790296555e+00;6.184677956297256474e-01;-1.181779165716176472e+00;0.000000000000000000e+00
4.956725569550347821e+00;2.384846215018773030e+00;-1.935106970952102268e+00;-6.108408006211961672e-01;-1.482103902842546450e-01;0.000000000000000000e+00
8.510142625424687024e-01;-2.306735368811315467e+00;5.674620224952243719e-01;-4.362527302984135769e-02;-2.094046564726893322e+00;0.000000000000000000e+00
-2.965999206157876156e+00;3.715064881830053567e-01;-2.066533405575440518e+00;2.072506068975075166e+00;1.630379835678874567e-01;1.000000000000000000e+00
3.334133197801368187e+00;-1.325557355692207118e+00;7.280137586991557441e-01;1.003198792493116942e+00;-9.337072238547050596e-01;0.000000000000000000e+00
1.289461213481352075e+01;2.316622469551843810e+00;6.328696834026937168e+00;1.942202887882597873e+00;-3.160226217127183101e+00;0.000000000000000000e+00
-7.707436776909735165e-01;-6.410922212293232447e-02;-1.134408681255034246e+00;2.510463069815997095e+00;2.023697937549645900e-02;1.000000000000000000e+00
-2.202515523568306488e+00;-7.356052278092307661e-01;2.670799787664395186e-01;-3.761960273564972368e-02;2.934036705433473724e+00;1.000000000000000000e+00
-3.143412245650992087e+00;-1.877409026202292219e+00;-6.703690313465887618e-01;3.033319897521692399e-01;4.080692809533181808e-01;1.000000000000000000e+00
-6.388804994567782725e-01;-9.113660215855660107e-01;-2.142724463089804576e+00;-2.140915715131858299e+00;-4.291394665114708351e-01;0.000000000000000000e+00
1.919133422171237502e+00;-3.538082372489565586e+00;1.254924719475691175e+00;3.359994247219999508e-01;5.890684190894930339e-01;0.000000000000000000e+00
1.408868363546851965e+00;1.304929407912078787e+00;6.414287104907772097e-01;1.886956267963709744e+00;-3.625187600466989873e-02;1.000000000000000000e+00
4.643691316636826549e+00;-1.482017171218372065e+00;-1.170680507828661066e+00;-1.218605768833545433e+00;1.780729099333645260e-01;0.000000000000000000e+00
-1.877467363734683259e+00;1.423230641923170170e+00;-1.070812072976683682e+00;1.709332824986443011e+00;-8.845490614861744039e-01;1.000000000000000000e+00
1.432069427022299557e+00;-1.049603945178257725e+00;-1.262011565206292429e+00;5.331893810938865830e-01;-6.266966874022532608e-01;0.000000000000000000e+00
1.352627025896912638e+00;-1.154141464323249044e+00;-1.209793551782499588e+00;-8.281065280136524764e-01;-9.868070889290466718e-01;0.000000000000000000e+00
-7.091148316618687275e-01;-1.568232322978612592e+00;-6.699941088624778995e-01;1.687263884768468225e+00;3.393148936124731341e-01;1.000000000000000000e+00
2.171416018625605737e+00;-2.826260720815368721e+00;-5.621076917420356756e-01;-6.608316086217771446e-01;-4.749700355346169744e-01;0.000000000000000000e+00
-1.976840355141675332e+00;-4.193874452243787077e-01;-3.805752074087562220e-01;-1.739460483403568292e+00;-3.086378924636383192e-01;0.000000000000000000e+00
-2.600789504213245174e+00;-4.823354699888892649e-01;1.872372819889401185e+00;-4.380181888493102638e-01;1.608266653000478205e-02;1.000000000000000000e+00
-3.258007359227792943e+00;-4.183214052693060014e-01;-6.918056886542324202e-01;6.598533285928964709e-01;1.215667295630872280e-01;1.000000000000000000e+00
3.782026455223173045e+00;8.603815961078767893e-01;3.671000675368538246e+00;2.047820997531873743e+00;-2.183790810069917043e+00;0.000000000000000000e+00
-1.992034722256903034e+00;1.329355167698919482e+00;1.135244691519580629e+00;2.046433033253662881e+00;-2.521274873330573429e-01;1.000000000000000000e+00
-5.015008689987300983e+00;5.746999784807464984e-01;-8.424381459859665577e-01;2.169662676095951870e+00;-8.820021812343888934e-01;1.000000000000000000e+00
1.345020437795655166e+00;-1.274770953623691971e+00;5.558434483417876715e-01;5.748717812029455754e-01;-4.708494186276256377e-01;0.000000000000000000e+00
-2.455968810604705510e+00;8.984552939572904018e-01;3.531334351399730842e-01;-3.679916137373549501e-01;-1.104286813426178737e+00;1.000000000000000000e+00
-1.837281668946316948e+00;-9.102675858311076729e-02;-1.445281100930288609e+00;6.725481954513652383e-01;-1.361984205127377001e-01;1.000000000000000000e+00
-4.346489711661132738e+00;-8.935722599494502205e-01;6.392557311456951163e-01;4.256267810031083565e-01;9.564428411736031199e-01;1.000000000000000000e+00
-7.328129163172825145e-01;3.702182382606877820e+00;6.585049894147599892e-01;2.236127811524759590e+00;-3.364678287971426540e-01;1.000000000000000000e+00
2.399997843341534765e+00;4.837988819054166889e+00;-1.028157019101504588e+00;3.429163818167739186e-01;-2.391872181250096485e+00;0.000000000000000000e+00
3.930986639153521423e-01;1.083068064652711326e+00;2.247605478368920551e+00;-4.618584949435049491e-01;1.691628333692818398e+00;1.000000000000000000e+00
-4.123278128451143831e-01;-3.896313181863726438e-01;-1.045770363326510077e+00;1.366245650679670742e+00;8.635071540666947598e-01;1.000000000000000000e+00
-3.049924940533767614e+00;-2.237784523409271920e+00;-4.694529337759866805e-01;1.827747899387269226e-01;1.575845990067457958e+00;1.000000000000000000e+00
-1.442563732637652141e+00;3.058704385729723585e-01;5.515483084922122581e-01;3.560745923402154900e-01;-2.702920074074051549e+00;1.000000000000000000e+00
8.318610193284940724e-02;7.150359792236310241e+00;-6.000960378413858209e-02;-1.803081745482416842e+00;7.381120387923328918e-01;1.000000000000000000e+00
7.093306714852695372e+00;1.257319424051641299e+01;7.358707686130076198e+00;1.225341756736345156e+00;7.490433705993259750e+00;1.000000000000000000e+00
-3.743404543068409751e+00;2.505015255643835981e-01;-9.738322255236256386e-02;1.932147108385443568e+00;-1.043591587708978974e+00;1.000000000000000000e+00
-9.691728141154983822e-01;9.449443051928820836e-01;-8.908113265998738317e-01;1.096532075118472838e+00;-6.135021677561498521e-01;1.000000000000000000e+00
-2.418719908161438781e+00;5.552411860315471792e-03;-7.983803265508454539e-01;-7.089223269401326299e-02;-7.730978404148428074e-02;1.000000000000000000e+00
4.100787727001071303e+00;-3.788038157968876551e-01;1.446317315755933031e+00;7.023684512542340830e-01;6.653386640669860979e-04;0.000000000000000000e+00
-7.516030055693193601e-01;-3.070648658354541372e+00;1.449181740479372760e+00;-9.534259943338709853e-01;8.919287409710690007e-01;1.000000000000000000e+00
-3.654646528302062602e+00;-6.746487431796847067e-01;-9.069859350458747693e-01;1.511161202874692355e+00;2.938121784667397929e-01;1.000000000000000000e+00
-4.680211575398025126e+00;-1.103857240536330719e+00;-2.573084641255209415e-01;1.246475443321126919e+00;4.146189273219166860e-01;1.000000000000000000e+00
-5.977817666377797101e-01;1.785650876830597422e+00;1.481735904236895385e+00;-1.778718768930482030e-01;-1.589226822637140435e+00;1.000000000000000000e+00
3.387330764168077213e+00;-2.911037111453937065e+00;3.007237964859144519e+00;2.828288083625605243e+00;5.083459183836149808e-01;0.000000000000000000e+00
6.149886190086199633e+00;-2.017652755380958229e+00;-1.566143872307564466e+00;9.716464166395497593e-01;-3.363697487374340267e-01;0.000000000000000000e+00
-1.325031347147010541e+00;1.469294023359711598e+00;8.484214559486046303e-01;-1.142766497672694337e+00;-4.782181625463120117e-02;1.000000000000000000e+00
5.494152796809181005e+00;-4.165829318103503098e+00;-6.012601627069295018e-01;1.496994821466954839e-01;6.255661201873746746e-01;0.000000000000000000e+00
-2.997403207188932495e+00;-2.738861052580378708e+00;-1.611837009795545894e-01;-4.131698957461585331e-01;4.055461534778970756e-01;1.000000000000000000e+00
-4.386732720785776252e+00;6.872285626071508551e-03;-9.481084425476800082e-01;2.798005734628372654e+00;4.457310213591377246e-01;1.000000000000000000e+00
1.213634612057772344e+00;-2.039038958445726912e+00;9.806961968594861689e-01;2.389662075612403458e-01;8.576858521658339840e-02;0.000000000000000000e+00
5.069661081884345499e+00;-1.785152328838472302e+00;1.173646741697514928e+00;-6.937324988825882555e-01;6.486557222594934169e-01;0.000000000000000000e+00
-1.977701439676172734e+00;-1.842779421062246792e+00;-2.773597127440348697e-01;5.497498433721940136e-01;-2.068963062456173896e-01;1.000000000000000000e+00
-2.514876418938223335e+00;1.142522982857485797e-01;-4.966227666151912801e-01;2.354347175650302049e+00;-6.893750132504942174e-01;1.000000000000000000e+00
-9.474878911804367476e-01;-1.684753538434235365e+00;-3.511867572431219831e-01;-5.772105391240648364e-01;-3.415418972518077800e-01;0.000000000000000000e+00
2.819368343198757287e+00;1.265103126815714463e+00;-2.153144105767758276e+00;2.708459203572113783e+00;-4.004444685764666639e-02;0.000000000000000000e+00
-3.483986299040755963e+00;1.619691968363019319e+00;2.675469942423736480e+00;1.253614081975463979e+00;-5.989820296731381832e-01;1.000000000000000000e+00
-4.658729578156703077e+00;-2.229148163114192671e-01;1.559358645646948149e+00;5.110927333958917851e-01;-1.896941221879392847e+00;1.000000000000000000e+00
-5.351618115030462697e+00;1.026757856798305779e+00;3.249859219418309020e-01;1.368682607147110764e+00;-9.186614202723939471e-01;1.000000000000000000e+00
1.170897779514430193e+00;7.014486585845630451e+00;4.271861594697527131e+00;-3.326398595214813958e-01;2.909445190480350441e+00;1.000000000000000000e+00
2.956301867113928061e+00;7.064218511961632974e-01;-1.042335356128345936e+00;-5.221497809447621652e-01;1.413635710300067627e+00;0.000000000000000000e+00
-4.975702061925702857e+00;-3.386204865180836521e+00;4.398383220120438142e-01;-1.577570153021442989e+00;1.033796022548659543e+00;1.000000000000000000e+00
-4.064025659074964381e+00;-1.246166177906082417e+00;5.744780232612102244e-01;1.705393181787586032e+00;6.158641940762726863e-01;1.000000000000000000e+00
9.512669844538754305e+00;-5.603484190478627447e+00;-6.372395694427569479e-01;2.242208287974635228e-01;-4.065429944294171594e-01;0.000000000000000000e+00
9.007165526033311664e+00;5.810310728387426682e-01;-3.134715008629209709e+00;-8.622695847871555408e-01;4.572196865051814108e-02;0.000000000000000000e+00
7.588784849917806774e-01;-1.608532574811034843e+00;-1.515095779072846094e+00;-1.076060232136500927e+00;-4.923417694489680418e-02;0.000000000000000000e+00
-2.659359615253535924e+00;5.399358007888165334e-01;1.707014652668307875e+00;1.201751284154414456e+00;2.354742018692953742e+00;1.000000000000000000e+00
-3.900189816584839209e-01;-9.892423595297177297e-01;-2.585168886658674392e+00;-7.845270645055627545e-01;7.343107547819878178e-01;0.000000000000000000e+00
-3.889065526736783074e+00;8.160717179653024234e-01;1.015716969000444170e+00;8.249185949548015762e-01;-2.133572637416330409e+00;1.000000000000000000e+00
3.648761521856001555e-01;-3.574461221881858553e+00;-2.223978679843279682e+00;2.231678674163275478e-01;7.785313063541532408e-01;0.000000000000000000e+00
-2.835890918125815841e+00;-3.987296949193093742e-01;-3.474450827450502044e-01;8.132474295073670589e-01;-3.928052888750038080e-02;1.000000000000000000e+00
-3.310283620677523242e+00;1.557411954083852135e-01;5.414789491932630039e-01;-5.124840368421585968e-01;-1.787879005085236006e+00;1.000000000000000000e+00
-3.357304402202530902e+00;-1.103732418326318854e+00;1.520895365869329163e-01;8.281881534091903863e-01;7.342593100254932725e-01;1.000000000000000000e+00
6.523116620318797132e+00;8.011169608198756009e+00;-3.264236199377324454e-01;-2.771799061691974764e+00;1.598932341719095485e+00;0.000000000000000000e+00
-1.717735176649441309e+00;-5.431655302816285058e-01;3.298375381410442841e+00;-8.733005245963815222e-02;8.417260769742627990e-02;1.000000000000000000e+00
-5.565735899560283251e+00;-4.778475844421385399e-01;4.127462869757676955e+00;-2.352490139978758332e+00;-1.052462008323164389e+00;1.000000000000000000e+00
1.779661488948699910e+00;2.776587168072766509e+00;-9.427627620723354473e-01;-3.074352018808994114e+00;-6.951335746728811715e-01;0.000000000000000000e+00
2.611484893697050502e+00;1.561421715443027436e+00;-2.181872161591840165e-01;-4.927754188399258162e-01;1.104387854336815966e+00;0.000000000000000000e+00
-2.819038509469915521e+00;-9.701105661408720993e-01;-3.825914670798629125e-01;4.637903936691645801e-01;5.517870958472912424e-01;1.000000000000000000e+00
2.498438877586577345e+00;2.278482850992806785e+00;1.319478662742204600e+00;-1.180838502745096275e+00;-1.899730305593007929e+00;0.000000000000000000e+00
1.277027175363551592e+00;-2.443258964603082894e+00;2.466316972495218973e+00;-1.298907467561935536e-01;2.155306293890085545e+00;0.000000000000000000e+00
3.473197342758344686e+00;-2.277848909127152766e+00;-1.238684053229498705e+00;-1.113140753635382341e+00;1.009258727342597917e+00;0.000000000000000000e+00
1.256675112574355158e+00;3.823932681674250267e-01;-3.838320496215441135e+00;-7.169207841855843588e-01;-6.511551697782363979e-01;0.000000000000000000e+00
-1.473431369076905195e+00;1.168902588853262953e-01;-2.146679950706300022e-01;-4.908088060176499234e-01;-7.138418162002092560e-01;1.000000000000000000e+00
1.649460696360138812e+00;-2.102291064666045095e+00;-9.752718192789684437e-01;1.880435978131654029e-01;9.168264040439468854e-01;0.000000000000000000e+00
9.036589479988288431e+00;-6.551728304006420034e-01;2.212803663093190210e-01;-7.647310124005367582e-01;5.648966681421346836e-01;0.000000000000000000e+00
4.554590066313409125e+00;3.086639175697547977e+00;-2.270405151034887048e+00;-2.191119555180246703e+00;-3.461354211492392530e+00;0.000000000000000000e+00
-7.811899668122904705e-01;6.528492609345494246e-01;-6.436570907408160069e-01;2.144684023530842865e-01;-4.376800110380738573e-01;1.000000000000000000e+00
-2.230926068550971586e-01;-7.018214902465104155e-01;-2.270761965838540064e+00;9.986314448477304762e-01;6.464877759954018588e-01;0.000000000000000000e+00
-3.454895386109424926e+00;1.306938720914521346e+00;-2.926444352247897437e-02;3.305035904465184471e-01;-1.861911362963120986e+00;1.000000000000000000e+00
4.465443962283412449e-01;-2.787707742761034169e+00;4.443823721838676688e-01;4.720286384972067761e-01;-5.299897713010197631e-01;0.000000000000000000e+00
3.144382261163430337e-01;2.077560726778426403e+00;-2.083311718157881298e+00;-1.068540444627014585e+00;-2.178688669666103972e-01;1.000000000000000000e+00
-2.059191942661871444e+00;-2.472787787856879582e+00;-1.461718816391311959e+00;1.868082140365896704e+00;1.838562838931367294e+00;1.000000000000000000e+00
4.808969244403728638e+00;-3.029102970024008634e+00;2.744018875387296053e+00;2.833636595269481417e-01;1.939642283765510844e-01;0.000000000000000000e+00
-2.998710528076855120e+00;-3.967780259263095632e-01;-5.964660410420865588e-01;-2.080449646893404447e-01;5.683598391027639973e-01;1.000000000000000000e+00
1.228501975816589287e+01;-7.543410187883663909e+00;1.011242512425312334e+01;5.194268282629816547e+00;-3.852506981774709960e+00;0.000000000000000000e+00
3.372196589905127606e+00;2.587825412870765174e+00;7.092075583353960155e+00;-3.674952784185758770e-01;2.770573643387341800e+00;0.000000000000000000e+00
2.508766311586276387e+00;2.614648477954173433e+00;2.063803698024672395e-01;-1.894745902304013629e+00;-2.124765695534699184e+00;0.000000000000000000e+00
1.318068476367042718e+00;2.154479498891730405e+00;-1.786632414900122034e+00;-1.016982920577402805e-02;1.671523479649943134e-01;0.000000000000000000e+00
-3.887562984018071433e-01;2.276797899327292374e+00;6.273319135185738693e-01;-4.297272288966855758e-01;1.193804342314200989e-01;1.000000000000000000e+00
-2.756932991204128491e+00;1.086834685453488936e+00;1.707238107438099117e+00;-5.168313476116470628e-01;8.070227954739458420e-01;1.000000000000000000e+00
4.943581014290945319e+00;-2.848324458674189152e+00;9.138788144461674756e-01;3.351844158844701771e-01;-4.833263802531481135e-01;0.000000000000000000e+00
4.298077330286822040e+00;-4.666275172385964787e+00;-6.841465527520428080e-03;-3.653384384322064804e+00;1.787028840636123717e-01;0.000000000000000000e+00
-2.373501802109743597e+00;-7.334025650814331998e-01;-1.526027420736777218e+00;1.853329645144833115e+00;1.183117885763523836e+00;1.000000000000000000e+00
-9.671903115126981865e-01;4.384381835810471917e-01;-1.447696342816820803e+00;1.990361515518322300e+00;-9.396612781329562181e-02;1.000000000000000000e+00
-2.975798788094858871e+00;1.810973773465115677e+00;-2.234351732109273458e-01;3.916351714349088908e-01;-1.529370853409517839e+00;1.000000000000000000e+00
1.803247020322299221e+00;1.664609544004427011e-01;-2.628599390268668845e+00;-6.437416838198298796e-01;-5.218822495636610270e-01;0.000000000000000000e+00
-2.478359512320562175e+00;-1.418576445571010147e+00;-3.165332916700854815e-01;3.285027645801307239e-01;6.620125645636496525e-01;1.000000000000000000e+00
-8.260392924416375404e-01;-1.250247471677363054e+00;2.679606412853386965e-01;2.310626771240023469e+00;-1.014813843530854687e+00;1.000000000000000000e+00
-3.894697328464004737e+00;5.385707422222312246e-01;-8.815586203666058163e-01;1.038799949171247627e+00;-8.090288692327332054e-01;1.000000000000000000e+00
-3.895780903817900875e-01;-6.144154708553377642e-01;-1.352869172845505119e+00;1.175192425598358792e+00;1.789893042050513694e+00;1.000000000000000000e+00
-1.457321357336960554e+00;-2.017267640100649517e-01;-1.098878397478579183e+00;-2.005774932143628231e+00;1.478561886881494702e+00;1.000000000000000000e+00
2.755568000885687763e+00;3.465773602947292531e+00;-2.474050798326903777e+00;-1.008278587076949506e+00;1.551354287575076318e-01;0.000000000000000000e+00
3.257254673651327703e+00;-1.252004891602302161e-01;-2.896097616820975773e+00;7.495901619014941897e-01;-3.528556249452844407e-01;0.000000000000000000e+00
-4.019140240502998118e+00;-1.354247381737691658e+00;-3.604727030630351381e-01;-2.635797967466144698e+00;7.352452610126635202e-01;1.000000000000000000e+00
-3.676413293297440266e+00;-1.291629063809021982e+00;4.246104530965589263e-01;-4.601710058217911126e+00;-7.409090548669411413e-01;1.000000000000000000e+00
3.316324112952058645e+00;-3.939152265909783956e+00;-2.054533970406095811e-01;-2.118223555838934846e+00;9.699805485599650723e-01;0.000000000000000000e+00
-4.036607361441469699e+00;1.162546111804807714e+00;1.897476455204058776e-01;9.405168391526239624e-01;-5.655987556700742269e-01;1.000000000000000000e+00
-2.334233350344010915e+00;-1.348979733105299950e+00;2.326871347909256205e-01;-1.212914051129862392e+00;5.157483547466368279e-02;1.000000000000000000e+00
8.403847113530670043e+00;-4.153904774756592921e+00;4.696889439677060657e-02;-5.518424189074910835e-01;-2.880805882712399457e-01;0.000000000000000000e+00
2.647568632618716222e+00;-3.951172955121418529e+00;1.371881542199072657e+00;2.078195363601388901e-01;1.405053614405198159e+00;0.000000000000000000e+00
-6.817688655179904300e-01;-1.135991126674301910e+00;1.233666317212985142e+00;-3.864500405442941933e+00;1.428352623636118368e+00;1.000000000000000000e+00
3.350295790600170243e+00;-2.154570028730882214e+00;-1.108943742927410714e+00;-4.349007541727302417e+00;6.238439822390085682e-02;0.000000000000000000e+00
-2.227720518875897948e+00;-1.214999686933835088e+00;-1.924137882920669562e-01;1.471278250094022910e+00;1.971498314068706459e-02;1.000000000000000000e+00
-4.477584655462253593e+00;-1.741129361218356486e+00;-8.882071240509102905e-01;7.646521292665620084e-01;6.051405320072036353e-01;1.000000000000000000e+00
1.322621418010860639e+00;4.789476573918031832e+00;-6.625346832895631088e-01;-1.021195601463103841e+00;2.150023931429681401e+00;1.000000000000000000e+00
-1.850089860309987122e+00;-1.584128151462495859e+00;1.263917266027640540e+00;-8.021023926676700277e-01;7.114113550774392447e-01;1.000000000000000000e+00
3.795565642092234349e+00;-1.026232637102822087e+00;8.986355207156101477e-01;-7.604605938699456891e-01;-7.578473837721376727e-01;0.000000000000000000e+00
-2.281318099583433234e+00;2.077685974529234869e+00;2.430649248236051996e+00;-1.186059752592220073e+00;-2.859003417226387178e+00;1.000000000000000000e+00
-3.228770118046003113e+00;-1.172073476164294137e+00;2.646642791851881449e-01;-1.002944876604068503e+00;8.944679307890576192e-01;1.000000000000000000e+00
1.025900786683207278e+00;2.361261934414502495e+00;-1.616885185478627029e+00;1.145963938930707249e+00;4.144477518769853042e+00;1.000000000000000000e+00
-2.582555836780906500e+00;7.292131200598219731e-01;-5.481430041185528790e-01;-2.332079515766545263e+00;-1.835264568627136272e+00;1.000000000000000000e+00
-2.485883225572945943e+00;4.605964023650390704e-01;-5.989203349439616852e-01;9.987177056398688357e-01;-4.303239940600409041e-01;1.000000000000000000e+00
7.143842038736204714e+00;-2.074842237037321624e+00;1.088387445037753753e+00;7.163337736894614949e-01;8.199007115891798758e-01;0.000000000000000000e+00
-3.032481140763386485e+00;-6.494687994906149786e-01;3.106826067791784718e-01;5.802826784505098479e-01;-7.328849696032887495e-01;1.000000000000000000e+00
7.085010647431489339e+00;5.282231574126504681e-01;-1.279986478405722439e+00;6.515641367693868480e-01;1.853823344493829239e+00;0.000000000000000000e+00
1.314099003679471744e+00;-1.775425831599027227e+00;-1.672631746742046177e+00;6.946197771762052664e-01;1.128109248497479455e-01;0.000000000000000000e+00
3.711649514484824497e+00;-2.807477114568255327e+00;-1.756193511786680039e+00;9.041055686788500578e-01;-7.098629579917531407e-02;0.000000000000000000e+00
4.604790909604538629e-01;3.941662912687179388e-01;-1.004698686856025702e+00;1.075388481962021414e+00;-4.275349810794298877e-01;0.000000000000000000e+00
6.392649920808419317e+00;-1.823094157768794465e+00;4.798494554122512135e-01;-1.696460635113817617e+00;5.566772276857845370e-01;0.000000000000000000e+00
5.255544949979427116e+00;3.894530991697417122e+00;-8.338535156386843727e-01;1.681600708522121845e+00;-7.843267318014403022e-01;0.000000000000000000e+00
8.733861504660364261e+00;3.279877398364127838e+00;2.903698556275394083e+00;-2.771884636718875972e-01;-1.061845803459049442e+00;0.000000000000000000e+00
3.691317880220398973e+00;1.065646069390000727e+00;-3.515589058624722263e+00;-4.773197117668585676e+00;-8.024843387755040691e-01;0.000000000000000000e+00
3.378250872893961976e+00;-3.371227889864017335e+00;-1.766777863177111829e+00;-2.077957119060818147e+00;-5.977813208902970077e-01;0.000000000000000000e+00
-8.402096539696150002e-01;-3.500085031962008930e+00;1.824837133727378602e-01;-1.242572629561878417e+00;-1.085175377405954433e-01;0.000000000000000000e+00
3.284372620181376323e+00;-9.906731988419589241e-01;2.554386258019464950e+00;-1.228270347884902330e-01;3.508380550377152018e-01;0.000000000000000000e+00
-1.908768927786939962e+00;-3.121945801254138342e+00;-1.063056265914027909e+00;-1.062067119722511332e+00;9.572969368951872449e-01;0.000000000000000000e+00
1.614781925642426286e+00;-2.474573342668014320e+00;-1.991135056337418163e+00;-3.790909351241603664e-01;-4.432488369039200848e-01;0.000000000000000000e+00
6.619726347165251212e+00;-6.003276414859039178e+00;9.893773334468624059e-01;-2.886756987004240660e+00;-1.695383822041123922e+00;0.000000000000000000e+00
-1.464675933344229852e+00;1.686631817015096679e+00;1.169905672035141952e+00;3.256625944443749532e-01;-4.648735129364330865e-01;1.000000000000000000e+00
-2.012152428345710842e+00;-1.103486555299383554e+00;1.338023994661422300e+00;-1.615679676834616219e+00;6.917208846345972439e-01;1.000000000000000000e+00
-2.284340252001371585e+00;9.493639369063493205e-03;-4.504395298445457718e-01;2.957795558189467156e-01;-8.038673382040003590e-01;1.000000000000000000e+00
-7.397430854799200706e-01;3.152520606735673248e+00;1.469857751842037041e+00;-3.148935984844336011e-01;9.476894160614520723e-01;1.000000000000000000e+00
-4.506562510629684937e+00;-3.169272587279361897e+00;-1.880615691882889240e-01;3.911598969792978719e-01;1.385206742060877350e+00;1.000000000000000000e+00
-3.158754301398385422e+00;4.103017946443622277e-01;-1.108817202678432867e+00;1.971618779513055308e+00;-5.858708960330828025e-02;1.000000000000000000e+00
7.676149472176081900e+00;-3.075306295410964452e+00;1.481959035602262054e+00;5.524021334878363998e-01;8.862054034171440442e-01;0.000000000000000000e+00
-3.639135967229831348e+00;1.589587063400820455e+00;7.162798562529697488e-01;6.703852222206025946e-01;-1.577331217046042733e+00;1.000000000000000000e+00
3.373454923068835987e-01;-3.144373460221383976e+00;-1.157213124152405570e-01;-1.815295193498318804e+00;3.529280110387722491e-02;0.000000000000000000e+00
-1.276583380127479295e+00;8.490529688922798801e-01;3.070068707669634023e+00;1.166497828960831873e+00;-2.678124694160112451e+00;1.000000000000000000e+00
-4.346014054335141097e+00;-3.219780572167126875e-01;3.884746976746198399e-01;1.107147417857128779e+00;-1.503332935765914424e+00;1.000000000000000000e+00
1.743079099068738091e-02;-3.459343296791366207e+00;3.069211227231175010e-01;4.755698595914518156e-01;4.007362438674607619e-01;0.000000000000000000e+00
-3.492426037097760894e+00;-2.634082397774974993e+00;-7.218777979082709184e-02;-3.079777274807947163e-01;5.250157656436387210e-01;1.000000000000000000e+00
-1.866548853720262358e+00;-9.020642106368392810e-01;-8.711686433349520309e-01;1.028814343579710577e+00;-2.318770156477657218e-01;1.000000000000000000e+00
4.960268118048904995e+00;-1.341123041115308112e+00;-1.457053586370316678e+00;-1.468197865548155123e+00;-6.124604265045283658e-01;0.000000000000000000e+00
-2.470722685491236970e+00;-1.380262678530691511e-01;1.794885430547841665e+00;1.547627256491273418e+00;-6.973622917513231378e-01;1.000000000000000000e+00
3.785060103523879782e+00;-1.901907409440867003e+00;-1.744242175490428481e+00;3.922843270152829298e-01;-3.392791392377229598e-01;0.000000000000000000e+00
2.637255776994308132e+00;5.771549924182682867e-01;-1.994699682506702487e+00;2.725492641801118832e-01;1.196767831107329094e+00;0.000000000000000000e+00
-1.372685023531105886e+00;5.805462931058173216e-03;1.549289123203538621e+00;5.844391769028928207e-01;3.004878549909833385e+00;1.000000000000000000e+00
-4.138882573499801154e+00;-1.376508242200022547e+00;8.780486772277584784e-01;-5.985601916338928463e-02;-5.975969686417391680e-01;1.000000000000000000e+00
-6.869402912350419665e-01;1.695009624542499704e+00;1.026212811821127335e+00;-8.754784634747359018e-01;2.174676014946993252e+00;1.000000000000000000e+00
-4.312129582665559013e+00;-1.978486132809347042e+00;-2.513065055390198421e-01;1.574911043442280612e+00;1.983411285711444760e+00;1.000000000000000000e+00
4.033094213660246563e-01;3.723433998726983774e+00;4.586469071311650936e+00;2.159107828795341910e-01;8.078013865932934801e-01;1.000000000000000000e+00
-3.003605795501913978e+00;3.541602248354436266e-01;1.234015058483100225e+00;-7.174567392819861666e-01;-1.312562355680765958e+00;1.000000000000000000e+00
3.134008207466759455e+00;4.273459585540978267e+00;5.866278225258036549e+00;5.965830661053453943e-01;4.201028892772666445e+00;1.000000000000000000e+00
-4.178368669292817361e-01;-8.085765714439521190e-01;-1.093291406454085957e+00;-8.972996987460121754e-02;2.570691797522337008e-01;1.000000000000000000e+00
-1.420223135573707607e+00;1.393978106073959333e+00;-8.369864715631045726e-01;1.105444950894699296e+00;-3.644007918591291029e-01;1.000000000000000000e+00
-2.870588347200957013e+00;-2.686445021063120775e-01;-4.689875495778065284e-01;-2.455038831697721746e-01;-5.579188360242962608e-01;1.000000000000000000e+00
-3.365845703855221860e+00;-8.076006119229511837e-01;-8.070795267158289432e-01;1.663685910885452923e+00;5.058631726296373976e-02;1.000000000000000000e+00
-3.315000154777886898e+00;-1.442176228682668926e+00;-5.836325918155067516e-01;1.784930699716860358e+00;-1.927242353501965044e-02;1.000000000000000000e+00
-4.769710159961354279e+00;-5.429618627451706647e-01;8.938680456830695453e-01;1.731061667632887158e+00;1.001712287224678866e+00;1.000000000000000000e+00
-2.385882758651226343e+00;-8.241155744280661555e-01;1.983963617744615826e+00;5.525557038366311208e-02;-5.057285592933662421e-01;0.000000000000000000e+00
-2.787096009418950526e+00;-2.533034002593493650e+00;-8.840343908144671081e-01;-2.596747084483831403e-01;1.647832668878093321e+00;1.000000000000000000e+00
-3.393841772505245657e+00;7.539639447506112369e-01;1.771794013006559254e+00;-2.766728233936767145e-01;-1.085903753268588234e+00;1.000000000000000000e+00
6.590235942939001390e+00;-1.484862453958490702e+00;3.613400160638737812e-01;1.188446721921446736e+00;-1.209114920198701842e-01;0.000000000000000000e+00
-1.455330517917580835e+00;5.919428678829720125e-01;1.146340361335331348e+00;7.901740413684352204e-02;1.087738677995933267e+00;1.000000000000000000e+00
7.182933102259086766e+00;5.514606174990580034e-02;2.012917870373105877e+00;8.277577959582425871e-02;-6.657814571215645572e-01;0.000000000000000000e+00
-3.578835403635393764e+00;8.915829882749788382e-01;2.614875577203574220e-01;-2.540958494717744376e-01;-5.995934200131393110e-01;1.000000000000000000e+00
-3.057032641646011850e+00;-1.792133836836921346e-01;6.217732980597182602e-01;2.613984169020470150e-01;8.967352514373675421e-01;1.000000000000000000e+00
-3.074435831416058029e+00;-3.060584350845564905e-01;1.259253609017968012e+00;-2.208626868763766460e+00;-6.064114571917712526e-01;1.000000000000000000e+00
-3.853539733573768000e+00;-1.524726426399870771e+00;-1.144509417307537191e+00;8.150504658154876791e-01;4.930513668915951220e-01;1.000000000000000000e+00
-5.390256393518187750e+00;5.562555056053863911e-01;5.600699877583191766e-01;4.718550433044523817e-01;-3.997978259470643114e-01;1.000000000000000000e+00
-4.657682334324906748e+00;-3.065387431437579302e+00;-7.600919435975092564e-02;1.508516333446018987e+00;1.272815559916853800e+00;1.000000000000000000e+00
-4.027542388172983934e+00;-2.542907043394873057e+00;3.532171198291850778e-01;1.514387731964484507e+00;6.674985006681992683e-01;1.000000000000000000e+00
-3.347821941359560682e+00;-6.856304628609700969e-02;-2.701933059753337529e-01;-6.276367775491914491e-01;-1.125687079945425273e+00;1.000000000000000000e+00
-3.299842011258966590e+00;-3.138709391742323440e+00;1.488922704543981512e-01;7.424906573868930160e-01;3.944510151719516911e-01;1.000000000000000000e+00
-2.136404142325838418e+00;-4.392848243519657976e-03;-5.513897179618995614e-02;1.788112898104230686e+00;1.300445449315221547e+00;1.000000000000000000e+00
-4.038017141533623899e+00;-2.406980537500344186e-01;-1.328126756257478780e+00;2.440231928814260431e+00;2.773897246085500479e-01;1.000000000000000000e+00
-3.765414554427261251e+00;4.398200481935707451e+00;3.950208232296124944e+00;-3.072671507333809560e-01;-4.789657742555078812e+00;1.000000000000000000e+00
-4.871239383341231743e+00;-2.339214785566446242e+00;-1.682949149848602388e-01;6.948898645004081276e-01;8.209389040023188366e-01;1.000000000000000000e+00
-4.747248516507773353e+00;-1.798401976391542867e+00;1.697202081092983317e-01;1.551611053708152665e+00;5.351371987432340660e-01;1.000000000000000000e+00
1.895316276133081956e+00;-2.392238004198798507e+00;-1.676491284549997074e+00;7.120284808755967809e-01;3.834015512626148259e-01;0.000000000000000000e+00
1.572931141089911389e+00;6.509099312590118203e+00;2.167158676650659199e+00;3.007581331069290875e-02;1.053411488421761577e+00;1.000000000000000000e+00
-4.026620253444714415e+00;-1.402206470505347635e+00;3.186500213327481568e+00;1.955284266329269591e-02;1.796475794335457288e-01;1.000000000000000000e+00
-1.294866170090583468e+00;3.470808637273205211e+00;1.109527986038844505e+00;7.666792667790757188e-01;2.105103519438746018e-01;1.000000000000000000e+00
1.834840466973608253e+00;-4.321522966184959458e+00;3.166854210174418482e-01;9.971895767962367652e-01;2.546884678704011695e-01;0.000000000000000000e+00
-1.810380558851673038e+00;3.962073025061307874e-01;-1.230334120259186648e+00;1.276656171980700138e+00;7.076911611967556456e-03;1.000000000000000000e+00
7.236485315084697056e+00;-3.570179433413399328e-02;-2.841066735481889260e+00;3.864093665420478829e-02;-2.454735120104489354e+00;0.000000000000000000e+00
-3.145650188221059018e+00;-7.425265380071854882e-01;-8.623516610361060541e-01;7.551635389289992339e-01;3.001252206036184589e-01;1.000000000000000000e+00
-2.887268058216609035e+00;-4.647316230508825030e-01;-4.757433802013695257e-01;7.623020384241716574e-01;-8.532165139878266080e-01;1.000000000000000000e+00
-3.149653983798507362e+00;-1.771248396173649819e+00;-3.583369373146606807e-02;1.507239607137833115e+00;3.533042202784161256e-01;1.000000000000000000e+00
-4.628379482882937879e+00;-1.835618360569648333e+00;6.423091360139425443e-02;9.419298597885003566e-02;8.004593992670547831e-01;1.000000000000000000e+00
2.250510374394101731e+00;-3.485359368865256768e-01;-1.064751011494521338e+00;-2.317595149462715609e-01;-1.004500429562942276e+00;0.000000000000000000e+00
2.107801227489871643e+00;1.121973939618902572e+00;1.775158311565488534e+00;2.626757179252121599e-01;-9.608114433633389018e-01;0.000000000000000000e+00
1.785949980267329540e+00;-2.692216351035396360e-01;-1.722515354159271261e+00;1.032687109420706406e+00;1.185110182106191345e+00;0.000000000000000000e+00
-5.276966175072619336e-01;1.265871622382492623e+00;-9.204410382935998003e-01;4.294716238960011312e-01;5.607829896514117118e-01;1.000000000000000000e+00
-3.213500980850529931e+00;1.103443139368994741e+00;1.611981280000772010e+00;-4.864330922671059043e-01;-3.459250383942812146e+00;1.000000000000000000e+00
-4.386422966163567416e+00;-7.611037252461371194e-01;-4.005975960828009885e-01;5.868567739461915123e-01;-3.765788850673922328e-01;1.000000000000000000e+00
-3.810017869694586334e+00;-9.099185534408034126e-01;4.431676601770078716e-01;-9.504234388869317041e-01;-3.516358010131067080e-01;1.000000000000000000e+00
3.319673971771875287e+00;-1.577052839013486807e+00;1.360728328886988914e+00;-6.941430108966561985e-01;-9.089302102908636272e-01;0.000000000000000000e+00
-2.393275964888736507e+00;9.900307702576710556e-01;-7.575095762656725018e-01;1.554982871553750146e+00;1.431457960452549472e+00;1.000000000000000000e+00
4.680166262160615709e+00;-9.685929554765767557e-01;-2.912721638953191805e-01;-1.074272198067218298e+00;-1.325573844578298577e-01;0.000000000000000000e+00
-3.067695140292898248e+00;1.135837571835059512e+00;3.746223997534298134e-01;-6.268541909609628426e-01;-1.443693801864046167e+00;1.000000000000000000e+00
7.353218574833833898e+00;-5.242623146462694450e+00;3.169558206959350866e-01;4.320399700310625923e-01;-7.060341419927791407e-01;0.000000000000000000e+00
2.953131829694696231e-01;2.269350337455612043e-01;-1.089416497196481703e+00;9.474229686082810131e-01;7.290944307500765165e-01;1.000000000000000000e+00
-1.938969497051350688e+00;2.544988110489036615e+00;-1.001423513728711301e+00;2.573987627122279950e-02;1.206099110975021649e+00;1.000000000000000000e+00
-2.077178921492885078e+00;1.806519485963614446e+00;-1.167079285136264577e+00;1.142229558403657919e+00;-4.135711534843466430e-01;1.000000000000000000e+00
4.975162358441588495e+00;-1.332572180394091532e+00;8.709776106858626576e-01;-1.292131387294177536e+00;-9.619686433896734723e-01;0.000000000000000000e+00
-2.176916880114889707e+00;9.589112526267706826e-01;-2.342645964551504922e-01;1.854472954513304739e+00;-1.481781109922448270e+00;1.000000000000000000e+00
-2.431551455012115337e+00;3.447203865716892857e+00;3.456944833159712793e+00;4.936599890215025987e-01;-1.045756968092427019e+00;1.000000000000000000e+00
-3.367965778569859570e+00;-5.629288938312467794e-01;-1.925737683386496979e-01;-5.703795200673282828e-01;-3.517283420057994991e-01;1.000000000000000000e+00
-1.206597790639009515e+00;-1.317044339494626071e+00;-9.307407315824600680e-01;1.704789988028375891e+00;7.187196392024155500e-01;1.000000000000000000e+00
-3.326079248464568927e+00;4.751715847731354248e-01;-8.982858375199203049e-01;8.134875957013911751e-01;-5.853792931271890598e-01;1.000000000000000000e+00
-1.928795402753019639e+00;1.461469793088689961e+00;-1.006423166988304474e-01;1.820764668296455557e+00;-1.935941779336165069e+00;1.000000000000000000e+00
-4.041835089935141845e+00;-1.356917456797066768e+00;5.383416427096043844e-01;8.339120206661128076e-01;1.787470790143204924e-01;1.000000000000000000e+00
6.182283741687158773e+00;5.108005449591390246e+00;5.211404999809927663e-01;9.407393450386432043e-01;-6.065250046805998885e-01;0.000000000000000000e+00
1.093429815918649872e+01;-3.703254074009399321e+00;-8.916944920999556601e-01;2.343507418349705773e+00;-4.887848212539363524e-01;0.000000000000000000e+00
2.118496931587670939e+00;2.966290675817190303e-01;8.674854838336442109e-01;-1.450287050089401619e+00;-5.395109326587539389e-01;0.000000000000000000e+00
-3.012194969986620841e+00;2.437599786358656540e-01;1.983732844203051737e+00;1.679725901215906037e+00;1.703673841109655918e+00;1.000000000000000000e+00
-9.826485812258929364e-01;7.972523938664544119e-01;2.369421115095792008e+00;1.569226639311395166e-01;1.546429799039203523e+00;1.000000000000000000e+00
3.578938625245138838e-01;2.127838631825039961e+00;7.082090427701579483e-01;1.847447658704057805e-01;-1.025699209332407574e-01;1.000000000000000000e+00
-3.193917865306245218e+00;-1.849152071215270698e+00;9.939831613605751293e-02;-2.278277104711630072e-02;1.790026009260283768e-01;1.000000000000000000e+00
-2.993233301167822713e+00;1.631392206796753896e+00;2.556717775523563940e+00;1.345887442576934045e+00;4.074032930993511797e-02;1.000000000000000000e+00
-3.193914150151503595e+00;5.793394459902561078e-01;4.897639928480690408e-01;4.459431033652714454e-02;-7.236070398816825122e-01;1.000000000000000000e+00
-4.591961853552987805e+00;-2.761127097027642030e+00;9.805425893565633544e-01;3.628387297766701991e-01;2.200811269991119756e-01;1.000000000000000000e+00
-2.485916154227104435e+00;-1.188939402139105761e+00;3.487766933808272296e-01;-1.256291971349880798e+00;-1.293939973263018572e-01;1.000000000000000000e+00
-2.398665346179147395e+00;-2.507447895681786387e-01;-3.271378008763548006e-01;-2.773730154105982226e-01;-3.548145613983581526e-01;1.000000000000000000e+00
-7.796151995612474739e-01;-2.124343424387507895e+00;3.207888085615524520e-01;7.924881470240795200e-02;-8.580996073115210176e-02;1.000000000000000000e+00
-3.139988425598000177e+00;-1.488022159455770765e+00;-1.198878559786120013e+00;4.534492648738778220e-01;8.409020054890543605e-01;1.000000000000000000e+00
2.735011771740852637e+00;-3.945168228098891117e+00;-1.716955171091699012e-02;3.001108279730769213e-01;2.832670011145388411e-01;0.000000000000000000e+00
6.227025988843011284e+00;-1.390109689205271781e+00;2.734237111534588927e+00;-1.093161537024288421e+00;-5.826580383599971880e-01;0.000000000000000000e+00
-2.223775745233003143e+00;-3.571607058601020679e-01;-1.101682537081089874e+00;1.862227152969444521e-01;-2.392747850628274553e-01;1.000000000000000000e+00
5.307140022006868740e+00;-6.723414985306989777e+00;1.485664740965223274e+00;1.776510927922540617e+00;-1.073553793789773447e+00;0.000000000000000000e+00
7.248001061762356478e+00;-3.655469123489912597e+00;-1.557023330867045308e-01;1.226828928485823589e+00;2.975903145088286683e-01;0.000000000000000000e+00
4.207220618912585586e+00;1.176242879287862753e+00;-1.590018058399803813e+00;-9.788435766652205938e-01;-1.175809184365913806e-01;0.000000000000000000e+00
-2.499636374275199024e+00;-2.018535626974122366e+00;-7.312745579754179603e-01;1.985023406880536578e+00;1.135955198920201026e+00;1.000000000000000000e+00
3.635014946416899928e+00;-1.956440914939201248e+00;-8.287748935382029947e-01;1.379752248197720910e+00;9.944209998739458323e-01;0.000000000000000000e+00
3.519248275482127930e+00;-3.858607111989941885e+00;-1.022529449616388364e+00;1.384143500966062534e+00;3.206640985623003259e-01;0.000000000000000000e+00
-2.614948307419585838e+00;-1.102474462326856086e+00;-1.240735835476725057e+00;9.094763339061552321e-01;3.784807696863782267e-01;1.000000000000000000e+00
-9.610811694614034006e-02;-1.298475863878580383e-01;-1.671463833068796312e+00;1.527476592011395296e+00;4.030671736848146502e-01;1.000000000000000000e+00
2.044856934551178451e+00;6.426819836689046994e+00;1.274121345271407080e+00;-1.097418827607203051e-01;4.602716813153204356e+00;1.000000000000000000e+00
-3.066749527247036422e+00;-2.182095697162225623e+00;-2.790627311690678791e-01;-2.938557802135317143e+00;4.732349800852885813e-01;1.000000000000000000e+00
-1.603586443662216920e+00;2.925962184918561859e-01;-1.586225202591827310e+00;9.096981398594461421e-01;1.235869098328919113e+00;1.000000000000000000e+00
3.765932154000730669e+00;5.985295350772421585e+00;-4.880361164562955878e+00;-1.120872541984453408e+00;-5.642375943207239564e-01;0.000000000000000000e+00
-9.255666031034863739e-01;2.302481429813392211e+00;-1.596111858549570606e+00;1.676238157647636839e+00;-1.426986012572932117e+00;1.000000000000000000e+00
-3.288349593584873887e+00;2.013113411520707496e-01;-6.277565079848601570e-01;6.128343365422077582e-01;1.707687558341709766e-01;1.000000000000000000e+00
-1.554852149569362796e+00;9.798577291912117238e-01;1.196559786807248615e+00;-1.775177145118262967e+00;3.499125502240713281e+00;1.000000000000000000e+00
-3.987799182399587861e-01;2.161212685477814865e+00;-9.456047044750395258e-01;3.724813748510112377e-01;1.012650050026267845e+00;1.000000000000000000e+00
-2.300567821145913960e+00;-9.320775807190080364e-01;-1.129953383797811961e+00;1.452376632900826081e+00;1.555640296420237156e+00;1.000000000000000000e+00
-5.429013641235631571e-01;-1.317067909106574453e+00;9.957545112234472695e-01;-1.484875466237628006e+00;2.029780050944468284e-01;0.000000000000000000e+00
-2.058819456067585207e+00;3.204351421652773535e-01;-1.224582704303951303e-01;1.020859913666536833e+00;2.079167573785656309e+00;1.000000000000000000e+00
-3.424518055373103831e+00;-2.445518413775604749e+00;4.504883584322647710e-02;7.861419664836215571e-01;1.603182237364737750e+00;1.000000000000000000e+00
-4.724065516291751643e-01;3.702829440172168862e+00;1.953784819443324716e+00;9.963163633677395437e-01;3.814396357606104182e+00;1.000000000000000000e+00
4.703500730622040216e+00;-1.959557677891594907e-01;3.757033652155840286e+00;-1.004227761018332110e+00;3.286501620483025521e-01;0.000000000000000000e+00
-3.643380238242806435e+00;7.868599200586149367e-01;-1.162145979026848686e+00;2.098874755026566508e+00;-4.240676655127630923e-01;1.000000000000000000e+00
-3.594689343338728804e+00;2.605087221264994479e+00;1.852029435303937488e+00;8.988573695678975239e-02;-2.442539774810381648e+00;1.000000000000000000e+00
4.149097342593780269e+00;7.674888474171601693e-01;-8.879749344554339618e-01;-8.369075123835259880e-03;-6.049799444770043166e-01;0.000000000000000000e+00
7.672141552564228917e+00;-8.604841539466931977e-01;-2.153650044083136539e+00;2.547233023972013677e-01;-2.364701919846531331e-01;0.000000000000000000e+00
-2.010379413241806468e+00;4.296895670488918295e-01;-1.040890713542064194e-01;-1.602922279918688464e-01;-1.509505749187217249e+00;1.000000000000000000e+00
-2.920833494714194511e+00;-1.700472474933503619e+00;2.957272688019643714e-01;-4.141772488592754264e-01;3.639201904095378248e-01;1.000000000000000000e+00
-5.007378001812197166e-01;1.067314656780291859e-01;-1.028747988404505653e+00;-3.048847999791972074e-01;1.391211206400359557e-01;1.000000000000000000e+00
-1.911498574754498359e+00;-6.513938784457092845e-01;1.450288364396267182e+00;4.007030868156293835e-01;2.063002525585961422e+00;1.000000000000000000e+00
-3.785099227931207899e+00;-3.261463699454931198e-01;-1.058080104549873113e+00;6.060077179470796382e-01;1.526155571876929962e+00;1.000000000000000000e+00
-2.708393968118563588e+00;-2.196657406876026675e-01;-3.145048016689716008e-01;5.525287424060602165e-02;-4.825392495636097318e-02;1.000000000000000000e+00
6.289673469589382115e+00;2.036547403489242125e+00;-3.182082487050890585e+00;1.555441635127446098e-01;2.024883444787097808e-01;0.000000000000000000e+00
-3.430770690697558134e+00;-9.926100272195994556e-01;-7.316949348111529972e-01;1.343722875656828686e+00;2.358394312107683077e-01;1.000000000000000000e+00
-2.001388465959311525e+00;-2.933264586426612142e-01;6.192036798084330496e-01;-3.525119932945002255e-01;1.164820262403846618e+00;1.000000000000000000e+00
-2.473293094299527262e+00;-3.350470288552547249e-01;-1.482361868041940145e+00;4.652370548893709490e-01;4.899308906348628229e-02;1.000000000000000000e+00
-3.647257746852135885e+00;-1.241365129909112186e+00;1.386624693796120855e+00;1.613959756879052687e+00;-1.729919130873200928e-01;1.000000000000000000e+00
-2.346186850755960229e+00;6.827413185496468140e-01;1.132733779235615801e+00;-3.031037610585558539e-01;-5.416754659492215573e-01;1.000000000000000000e+00
-1.142996926642697142e+00;-1.962171494851827624e+00;-1.240719633397713739e+00;1.479076553719947507e+00;4.841824464827435004e-01;1.000000000000000000e+00
-1.350857303165480694e+00;3.695739038592266157e-01;2.486675547034845390e+00;-1.140717628178109511e+00;1.905864623014935866e+00;1.000000000000000000e+00
2.763370786153247050e+00;-1.078633511006646062e+00;-1.179623855017962741e+00;4.141590511447040268e-01;-1.646116462471676756e-01;0.000000000000000000e+00
-1.969323604495447855e+00;-1.758485030002873706e-01;4.207311290816267979e-01;-7.863123480002819354e-01;-8.612519456466752876e-01;1.000000000000000000e+00
-2.931187054323983521e+00;-4.948562160576280289e-01;-1.017071423611014103e+00;-1.686423664004891299e+00;-5.657291336046933461e-01;1.000000000000000000e+00
-2.926374385883591778e+00;3.773322581267690157e-01;-8.867938656163254496e-01;-1.153452699454678848e-01;-9.856796774633141967e-01;1.000000000000000000e+00
-3.996188277273783118e+00;9.598560891458099986e-01;2.044041258822473506e-01;-1.510230600675897206e+00;1.709248844465556028e+00;1.000000000000000000e+00
1.551380587811798106e-01;-4.380082372339699770e-01;-4.614452541218537762e-01;-1.454533097793063057e+00;8.558399410576142952e-01;1.000000000000000000e+00
-9.340908107149232809e-01;-2.105945594569578638e+00;1.432917182153216507e+00;-2.894261491894556393e+00;-1.275416192273618021e+00;0.000000000000000000e+00
-1.929621729999809077e+00;8.924666926511208853e-01;4.234461313417441086e-02;-5.588844781447847021e-01;-1.280329996261511782e+00;1.000000000000000000e+00
-2.622338602003478236e+00;2.502101615240931221e+00;2.434999613512753402e+00;-1.878012893828330476e+00;-3.150817015942467769e+00;1.000000000000000000e+00
6.003616591164676386e+00;-9.102922427259496629e-02;1.711201642057901706e+00;9.473754694842281276e-01;-1.175036424028458093e+00;0.000000000000000000e+00
-2.921877804803574730e+00;-9.212684187689390569e-03;-9.013032909475611199e-01;1.791328354321932270e+00;5.769796108862660367e-01;1.000000000000000000e+00
-3.341944803952904053e+00;-2.222473152891796255e-02;5.033012607462750143e-01;-1.142262431598989547e+00;-1.564761231895684945e+00;1.000000000000000000e+00
-2.014915033416892598e+00;7.784521326358488924e-01;1.255787735568235919e-01;-6.597357013587332730e-01;-2.192985944997269399e-02;1.000000000000000000e+00
1.988462106028181076e+00;2.316048062060901636e+00;1.236303630260723319e+00;1.769776125079308482e+00;1.439959378705923387e-01;1.000000000000000000e+00
-1.669603930387517643e+00;8.623188550481063475e-01;-1.010306306152764622e+00;1.323895197161173432e+00;-2.815677282935346026e-01;1.000000000000000000e+00
-3.711781137941720932e-01;1.136126550039656680e-01;-9.983634335819369099e-01;-1.553697992554894103e-01;1.475955538088517205e+00;1.000000000000000000e+00
-1.848959930217486392e+00;2.541229646611485649e+00;2.005347701878462896e+00;4.843725236478922391e-01;-3.508646031026648071e+00;1.000000000000000000e+00
-4.703042202015051743e+00;-4.323024309857082526e-01;5.305079101453874686e-03;-1.370608870333849261e+00;-8.509931595247016700e-02;1.000000000000000000e+00
-1.283187150870928273e+00;2.550909308756949656e+00;-8.386030978038096217e-02;7.715122685625358523e-01;5.569105587936913349e-01;1.000000000000000000e+00
-2.314246819153406687e+00;4.020314795260657714e-01;2.746230669443265326e-01;-1.670463164576385662e+00;-5.367110404054267203e-01;1.000000000000000000e+00
-4.659085176498099834e+00;-7.822987591648691286e-01;1.921220099544391768e-01;4.936817873074894059e-01;5.361222457614266412e-01;1.000000000000000000e+00
-3.943473381565200331e+00;-2.030016284688900274e+00;6.917355878755722109e-01;5.134063318942023724e-01;3.401146061399598630e-01;1.000000000000000000e+00
4.949858461086931172e+00;3.006064125571860313e+00;-1.754071548770196554e+00;-6.723600393381677920e-01;2.864773110469745809e+00;0.000000000000000000e+00
-9.158035194106504129e-01;2.479013130195090842e+00;3.626067063377375610e-01;2.619666240278944458e-01;1.384714672313556161e-01;1.000000000000000000e+00
4.549111146599837951e+00;-8.160005055175544308e-01;-5.187550371196220089e-01;9.163396055878696433e-01;-7.148605116019268735e-02;0.000000000000000000e+00
4.442342817984377135e+00;-9.924389007573571897e-01;1.442319210111656202e+00;-5.750347328857333684e-01;-3.575899950941068273e-01;0.000000000000000000e+00
-2.194984300933598309e+00;-1.805353236366337821e+00;-4.351094395417597349e-01;9.539430088326976698e-01;5.538004534351402830e-01;1.000000000000000000e+00
6.644409147219423328e-01;4.368608547151354715e-01;-2.680781849049469034e+00;-7.292268129934751375e-01;-2.778714389696220616e-02;0.000000000000000000e+00
-2.240876053416955838e+00;-4.545895087879567309e-01;-4.655276524883500411e-01;1.887244822263362820e-01;-8.282929459194676713e-01;1.000000000000000000e+00
-2.125180436885376611e+00;-1.194796910729264194e+00;4.903719761483253392e-01;8.553963443241809905e-01;-1.059358616636230377e-01;1.000000000000000000e+00
-2.615317411150738458e+00;-1.832060431482391172e+00;7.643295354107725315e-01;-8.231658883764237933e-01;-3.007871727375241999e-01;1.000000000000000000e+00
-3.210967975811539254e+00;-2.235142706009270341e+00;-1.662243276049558682e-01;1.130057752367465973e+00;1.260188718558949983e+00;1.000000000000000000e+00
-3.067503983516510213e-01;2.184998837577363684e+00;3.928604751035746218e-02;-4.864557531026022508e-01;2.089450283252516805e+00;1.000000000000000000e+00
2.472356916856600417e+00;-1.499824748761623638e+00;5.914530989459986232e-01;-2.267351359369681241e+00;1.405839944023883570e+00;0.000000000000000000e+00
-3.454718372275313865e+00;-2.136461548755955064e+00;1.971627160005542390e-01;1.534177173126901383e+00;9.428750094661966230e-01;1.000000000000000000e+00
-3.900526848703646188e+00;7.307759609650467114e-01;2.136071526900964468e+00;-7.811728286874455307e-01;-8.325518146595347613e-01;1.000000000000000000e+00
9.817275416677851974e-01;-2.210429948163469938e+00;-1.699919130317378402e+00;9.709721805294755370e-01;1.183257927233295703e+00;0.000000000000000000e+00
-1.257251571453966044e+00;1.067691507785000882e+00;2.594755643803946521e-01;-1.241752265306044212e+00;-3.932158658192442813e-01;1.000000000000000000e+00
3.245413648496114245e+00;-1.778358636769868717e+00;-1.793153510623050506e+00;-2.485059118643587972e+00;5.503517335110763575e-01;0.000000000000000000e+00
-1.557219412525912672e+00;-1.037927105617260537e+00;-1.301245025353331863e+00;6.216724959465989020e-01;-3.793533777541774343e-01;1.000000000000000000e+00
-1.249258096811956431e+00;-1.588838790446414739e+00;-3.264133812745541041e-01;-9.253220271170633504e-01;1.535349794688966263e+00;1.000000000000000000e+00
4.331653344729499366e+00;-4.049332416239630916e+00;-1.925056830709379885e-01;-2.906134345636413041e-01;6.108409605684957944e-01;0.000000000000000000e+00
-1.077451329588584583e+00;1.803618165645379356e+00;1.781041494489416177e+00;-1.628952484385385535e+00;3.741754278458460092e+00;1.000000000000000000e+00
2.511753101975468194e+00;-2.528807586141857300e+00;7.982024682521310366e-01;-8.236745461699233051e-01;-4.292642251701787037e-01;0.000000000000000000e+00
-2.217092305478013170e+00;2.989128692559917672e-02;6.364601830085337975e-01;-3.376701297531020440e+00;4.799948316292490524e-01;1.000000000000000000e+00
-1.173830647016041562e+00;-4.748395085303173113e-01;-4.815707732771881688e-01;2.143959435078298448e+00;-2.433006337739775371e-01;1.000000000000000000e+00
-2.836301444133771277e+00;-1.018125805013577745e+00;-1.486630058622474548e+00;4.564054487860965126e-01;1.147052843612025863e-01;1.000000000000000000e+00
-1.857085898895724840e+00;-1.571393120884094996e+00;8.264828499598086964e-01;-3.930249717703646617e+00;-2.208264031132085858e-01;1.000000000000000000e+00
-1.328614372797831900e+00;7.770956635410033453e-01;1.256758110813447571e+00;-3.785543546875820287e+00;-1.245063054522525636e+00;1.000000000000000000e+00
-2.802771356656379886e+00;-1.666301632154825629e+00;-1.940183845365429094e-01;-2.233107518787269541e+00;-2.052466380024620951e-01;1.000000000000000000e+00
-3.174568796519597669e+00;-2.075733615709496327e+00;7.490012011058043429e-02;-1.869829075165065468e+00;-2.093267238125118002e-01;1.000000000000000000e+00
-4.087077360738478937e+00;-4.847100789173513502e-01;6.313639448614399852e-01;-3.402733073477047565e+00;-1.822435315953832916e-02;1.000000000000000000e+00
3.475493748238746239e+00;-1.672884387660925176e+00;8.568266273549819401e-01;-1.156767574880681826e+00;-1.382571712182363743e+00;0.000000000000000000e+00
1.631923323051548280e+01;-7.775852820362474382e+00;6.235416353903127096e+00;2.328071433791315314e+00;-1.709454970976569399e+00;0.000000000000000000e+00
-2.560115018064506920e+00;-2.494045446870611471e+00;1.703125753296508837e-01;-2.109756514048247045e+00;9.792386418753160626e-01;1.000000000000000000e+00
-2.968888795481570142e+00;-6.884713133611652935e-02;-7.784117289103806847e-01;-4.666715302577644636e-02;2.282073454336897289e-01;1.000000000000000000e+00
-2.757430450407206912e+00;-1.793918759427290954e+00;-7.578145209463710286e-01;2.411822738003028752e-02;1.283912605343315638e+00;1.000000000000000000e+00
1.370339874440285488e+00;2.110011337967680589e+00;-8.537197841266987997e-01;-7.237679080599228598e-01;3.824378317827181295e+00;1.000000000000000000e+00
-4.176644924340184306e-01;1.165197004635641909e-01;-5.361427451362459351e-01;-3.641988044191598051e-01;1.513456859146557809e+00;1.000000000000000000e+00
-3.838398622335704058e+00;8.991786574746876148e-01;7.005635737478046465e-01;-2.199398532368876114e-01;-1.337162539860132782e+00;1.000000000000000000e+00
5.930964859604049622e+00;1.228296681671835477e+00;1.721587751409600076e+00;-4.735822995502246835e-01;2.883539417458308662e+00;0.000000000000000000e+00
6.454786477759101304e-01;3.426011426190552989e+00;6.082847789192347143e-01;2.344862633597652457e-01;-1.209698529442203796e+00;1.000000000000000000e+00
-2.683846401045593577e+00;1.443555527425879781e+00;3.394035447904654723e-01;-2.448170545831735434e-01;-7.926918118411124814e-01;1.000000000000000000e+00
-2.041664052408904251e+00;-9.032559328612655980e-01;2.843241566262310283e+00;-2.885831165138935006e+00;-1.016709773740660294e+00;1.000000000000000000e+00
-1.399296350610910400e+00;-1.772226250868800479e+00;-1.479561319631478078e+00;1.308109281358550646e+00;1.805314273330346886e+00;1.000000000000000000e+00
-3.536415295823125859e+00;-1.246854156891107568e+00;3.385411281132110428e+00;-4.666050593529414314e+00;-1.875728402288560526e+00;1.000000000000000000e+00
-1.990529447476459657e+00;1.899462540532631305e+00;-2.030997658359980029e+00;9.119058485271894776e-01;1.231553676481055071e+00;1.000000000000000000e+00
-1.998185367107078170e+00;-2.063711354361941752e-01;-1.641325106712955062e+00;1.039210571019705265e+00;9.042108416422691697e-01;1.000000000000000000e+00
-5.206581122211677570e-01;-9.733678092000396243e-01;-3.241354473558380467e-01;-5.439993161107511410e-01;1.429436732717010772e+00;1.000000000000000000e+00
-3.172370488521376153e+00;-2.089052300665540152e+00;-9.788055968335226398e-01;3.870971871667498454e-01;1.419475307005963360e+00;1.000000000000000000e+00
-2.202710189377214522e+00;1.286039314060191119e+00;-8.873989897279772610e-01;7.011029564634781996e-01;1.798210675854369778e-01;1.000000000000000000e+00
3.824433042934405336e+00;2.305236317312423733e+00;2.754618468101443021e-02;6.702589333493175205e-01;1.289765095513445869e+00;0.000000000000000000e+00
-2.985484690006304120e+00;-6.733392403753359901e-01;-5.904900291782010369e-01;-5.943504555626872854e-01;4.619696253581783152e-01;1.000000000000000000e+00
-2.481055107424662509e+00;-2.363958762187166496e+00;-4.326145161389930438e-01;-3.834695334620883411e-01;1.038121273969488056e+00;1.000000000000000000e+00
-1.272111461310499569e+00;5.098338456763366056e-01;-2.238991526789676278e+00;1.672375986562655292e+00;-1.176061268141617711e-01;1.000000000000000000e+00
-2.235156888171774270e+00;-1.298704495162101402e+00;-9.014368196708834047e-01;4.340940660989469069e-01;1.829260266391330159e-01;1.000000000000000000e+00
-5.618310426642169481e-02;-2.273833894741398298e-01;-2.255515766515299170e+00;2.710600639474051832e+00;8.017850082601397643e-01;1.000000000000000000e+00
2.317390606251742646e+00;4.389134335616697413e+00;1.778411101046892595e+00;9.694156613651947474e-01;2.645376499373878421e+00;1.000000000000000000e+00
-2.284331260634544947e+00;-2.466840753722244539e+00;-8.211885959806569657e-01;-4.080323565346825887e-02;1.092781499954709412e+00;1.000000000000000000e+00
4.754614870998942422e+00;-1.489423558099238099e+00;-1.253751276193549646e+00;-5.258713897473773352e-02;-9.662431848981246907e-02;0.000000000000000000e+00
-1.726310917833091985e+00;9.981778346319853945e-01;-8.023837471383110653e-02;1.064647247663441654e+00;-1.435617265694836053e+00;1.000000000000000000e+00
-7.417817669123101254e-01;-2.452034967156432987e+00;-1.997709731074811312e+00;-4.579404167167672735e-01;2.612918100823429790e-01;0.000000000000000000e+00
-2.894310660609856090e+00;-9.779443154096383317e-01;-8.056443620981788012e-01;-1.720779653776892015e+00;-2.898301583968149187e-02;1.000000000000000000e+00
-1.654521845828999860e+00;-4.555664119939082823e+00;7.523230039718704631e-01;1.648322878873804020e+00;1.403072818204522232e+00;1.000000000000000000e+00
3.103519703812918085e+00;-1.236153211217588810e+00;1.287355099955052706e+00;6.086490821776057158e-01;-1.122260152087295459e+00;0.000000000000000000e+00
-4.064270598169883897e+00;-5.609542252624807324e-01;2.176684962428099723e+00;1.375868723097524393e+00;1.994646780366184924e-01;1.000000000000000000e+00
-2.793330657243840331e+00;-1.077888129626221936e+00;8.445419919840186918e-01;-1.110207645781876362e+00;4.869782172189798461e-03;1.000000000000000000e+00
-1.474919937535665859e+00;-1.591094201258784091e+00;3.199914544001569716e-01;-7.988323434777147014e-01;1.580577479061467672e-01;1.000000000000000000e+00
-2.293946371767595915e-01;1.515903415465760018e+00;-2.216282862275944510e+00;5.555696084109633670e-01;2.512019006008563426e-01;1.000000000000000000e+00
-2.553258407142680042e+00;-7.639004803977018643e-01;-1.609403301423605770e+00;5.992753966397967175e-02;5.058455168740957353e-01;1.000000000000000000e+00
3.715705103246995655e+00;-1.058686221942810590e+00;5.219536422698189959e-01;1.397001889121384011e+00;3.686141768101117155e-01;0.000000000000000000e+00
5.094841843623585831e+00;-2.019207835437873744e+00;-7.093696159230999942e-01;-8.279490635040853697e-02;3.838167376634741834e-01;0.000000000000000000e+00
-6.006161134914036470e-01;-8.384546627841759081e-01;-6.870419556006674977e-01;1.155333693759826197e+00;9.824327594057563617e-01;1.000000000000000000e+00
2.790399829253279229e+00;3.385560770928050189e+00;-7.530762025271378057e-01;-1.333181814223159067e+00;-1.585531874752790893e+00;0.000000000000000000e+00
-1.408771214488136136e+00;1.505770592414452880e+00;-3.538959882490818609e-01;1.121740793477120857e+00;-1.811670517188345597e+00;1.000000000000000000e+00
7.259178840596679727e+00;-5.495735722038985749e+00;1.910925939150968533e+00;1.895716946072554920e+00;3.963777576857084317e-01;0.000000000000000000e+00
1.298866548465249737e+00;7.729852798560155058e+00;-6.889144978440967515e-01;2.892727550922373325e+00;-2.015355198012574345e+00;1.000000000000000000e+00
1.076693276187964177e+00;8.294775456567766270e+00;4.341921987481221490e-01;1.954189557945331002e+00;-1.395871660335273434e+00;1.000000000000000000e+00
-1.249760525403025957e+00;1.595683848227723800e+00;-1.356474290243124159e+00;1.262677934423031278e-01;2.341940592149866288e-02;1.000000000000000000e+00
-1.256928406476724325e+00;4.117186670128860193e+00;-4.127292393793225433e-01;1.054173633439815738e+00;-1.139527431581629280e+00;1.000000000000000000e+00
-1.166535215187330277e+00;-1.665693743366397639e+00;-7.378776390465068280e-01;1.762167266585644043e+00;7.383515984349625638e-01;1.000000000000000000e+00
4.094142557334293109e+00;2.802927251195334701e+00;-5.074334302457893520e-01;-1.977318607493968594e+00;1.328252818375459943e-01;0.000000000000000000e+00
-1.887639241666167589e+00;1.672191733225742549e+00;1.197978402698309103e-01;1.218215074897427419e+00;2.568069903678458665e+00;1.000000000000000000e+00
-2.767435703125047386e+00;-2.161048797677678213e+00;-2.109603208937732913e-02;1.610275829352273202e+00;7.163784105178283568e-01;1.000000000000000000e+00
2.226994489187925641e+00;1.941634758128713667e+00;-2.285603482560036870e+00;-3.398607230179250815e-01;-5.368572220234565373e-01;0.000000000000000000e+00
-1.131576890736964547e+00;-1.411001964907623751e+00;-5.650531767584446863e-01;1.994960933543896253e+00;5.284874864105133518e-01;1.000000000000000000e+00
-7.337724519596521278e-01;-1.943697179106250505e+00;-2.752363998711209736e-01;-3.378230758024986513e-01;6.609912573154698157e-01;0.000000000000000000e+00
-2.333670736663588485e+00;7.901466091747512133e-01;-3.500435082996645186e-01;4.408595302085685508e-01;-1.422550132456428473e+00;1.000000000000000000e+00
2.697223754626024039e+00;-1.943709943662047301e+00;-9.605645541392969777e-01;4.595085515486826422e-01;-5.844981960284543199e-01;0.000000000000000000e+00
3.379014667156405860e+00;-2.333428950414745628e+00;-1.201931943307590567e+00;5.536133006808272583e-01;5.278801713225510506e-01;0.000000000000000000e+00
-1.998705797927540495e-01;1.076360007986851830e+00;-6.731490107547782875e-01;6.284454599965254573e-01;-8.402501914572552133e-01;1.000000000000000000e+00
-1.176025913418294655e+00;1.011370177100110457e+00;-7.117682183287630249e-01;1.066068610024513141e+00;-1.421901220166841284e+00;1.000000000000000000e+00
-1.292636539730503964e+00;4.964224696861241348e+00;3.459272537979984907e-01;2.240535041496314772e+00;-3.840530240113016358e+00;1.000000000000000000e+00
8.630755859148900200e+00;-3.459451914382198900e+00;-1.790567769431264666e-01;1.177163895119018422e+00;-2.290520979099129606e-02;0.000000000000000000e+00
-4.429456370980116908e+00;-7.860360360247234945e-01;-4.734190590813293631e-01;-6.966173035990099738e-01;1.038047224695188286e-01;1.000000000000000000e+00
-6.198387404120300204e-01;6.363492709070037723e-01;-4.888512143705384116e-01;-1.515467580680492088e-02;-1.064066127019896862e-01;1.000000000000000000e+00
-3.252315768044817368e+00;1.285925166936333408e+00;-2.184767386936041500e-01;3.078078848739090878e-01;-9.942842279041282094e-02;1.000000000000000000e+00
-3.352927053461531859e+00;2.673300597325690031e+00;-1.779087056011740664e+00;1.389585654429254413e+00;-3.544408724341990280e-01;1.000000000000000000e+00
-8.598029855522505427e-01;9.684852864773049741e-02;-2.814044895495552812e+00;1.843235980964554599e-01;-6.300750593432101754e-01;1.000000000000000000e+00
-3.156621968218680685e+00;-8.715426197331672675e-01;-2.195714936833376374e+00;1.449867175564036437e+00;4.314365047120393148e-01;1.000000000000000000e+00
3.465281123574501798e-01;1.541225263533237300e+00;2.846454581606730816e+00;1.909811436042202493e+00;-5.718347361225276648e-01;1.000000000000000000e+00
-2.461406650925186845e+00;6.008479701189786137e-01;-1.171465159577766313e+00;2.211054013014869923e+00;-6.919120216750909158e-01;1.000000000000000000e+00
-1.530100721155762455e+00;4.052177931651072540e-01;6.044645648552511297e-01;-3.471717611629296374e-01;-7.860467111682465369e-01;1.000000000000000000e+00
-1.773585065808628292e+00;8.042100165964082281e-01;-2.027918184566143811e+00;-6.873332570084140780e-01;-6.160919562808835348e-01;1.000000000000000000e+00
-2.680441623834530329e+00;-1.484708899013593042e+00;-1.741693415527330924e+00;1.023490504706218829e+00;2.974688850300147291e-01;1.000000000000000000e+00
4.028435261026260150e+00;-2.941430098930272408e+00;1.659485464319556458e+00;2.251671493179284167e-01;-5.135947174821274830e-01;0.000000000000000000e+00
-2.136351228255803036e+00;1.518580641908716222e+00;1.789651150227644927e-01;-5.007770885763607183e-01;6.830478945524081080e-01;1.000000000000000000e+00
5.165410948631096844e+00;-2.382203228461915678e+00;-4.222774574711790074e-01;8.834275042159496216e-01;-2.094078410314330063e-01;0.000000000000000000e+00
5.359319493699281622e-01;3.807151448284860629e-01;-4.431347282542796306e-01;-1.879371998795243304e+00;2.268694524923307310e-01;0.000000000000000000e+00
3.431233828508309380e-01;3.534481050894420218e+00;6.966892928322231116e-02;-1.550670558503190799e+00;-1.956920881228704001e+00;1.000000000000000000e+00
-4.197079986251629258e+00;2.367392284261078395e+00;1.327144664031478349e+00;-2.039503876793215209e+00;-1.761916681402339924e+00;1.000000000000000000e+00
-1.142831863888033705e+00;5.599458478290791241e+00;1.301036622814093269e+00;-2.188250034460891502e+00;7.655752113591838270e-01;1.000000000000000000e+00
-1.665475153016383159e+00;2.389618126495432815e+00;1.502249381924282590e+00;8.759509522017078220e-01;4.845458287165030908e-01;1.000000000000000000e+00
1.011712495478483742e+00;1.092389647753877036e+00;-6.326982667519456260e-01;-1.758518318425635885e+00;1.046826124970137384e+00;1.000000000000000000e+00
-1.300929712328748877e+00;-1.821415305597650081e+00;3.733076951808107502e-01;-1.848168844234366226e+00;1.996267401655544838e-01;1.000000000000000000e+00
-2.373428724897788999e+00;-1.681576238631063092e+00;3.845281526599034772e-01;-3.016728905798849780e+00;-3.824631151453627975e-02;1.000000000000000000e+00
-1.665871012020295749e+00;-2.139627413741290729e-01;-1.480723040024312376e-01;-1.970516788331645730e-01;5.564799401507686261e-01;1.000000000000000000e+00
-1.927678192399283397e+00;-1.137739916782170901e+00;4.782023153355338674e-01;-1.157500425110482123e+00;-2.023419108191668037e-01;1.000000000000000000e+00
-4.237216617910489092e+00;1.842724972870894151e-01;-3.264184151410469137e-01;5.883032940141663669e-01;-7.046267469342394341e-01;1.000000000000000000e+00
-2.677870720630556978e+00;2.315792825490195384e+00;-5.384833005572467468e-02;3.404494754076388685e-01;4.506482846990640390e-01;1.000000000000000000e+00
-3.836497851732103559e+00;4.962499293999659833e-01;9.232396422316443418e-01;-5.518716400533164590e-01;8.003560747930020536e-02;1.000000000000000000e+00
-2.551440295560031046e+00;2.283299638030837075e-01;1.414177740085101220e+00;-1.970789694049080332e+00;-1.456325055771549248e+00;1.000000000000000000e+00
-4.694923445163962761e+00;-7.674779429077892567e-01;1.543964737105222307e+00;-7.790186710155108107e-01;-7.848972265835156836e-01;1.000000000000000000e+00
-2.025037164220978791e+00;1.261241897722897631e+00;5.049261449765627408e-01;-1.135527445742813724e+00;-1.142625773792197846e-01;1.000000000000000000e+00
-2.895948205651916130e+00;-1.451635766344338663e+00;7.805460911848735028e-01;-2.970448258185028667e+00;-3.571500231865085140e-01;1.000000000000000000e+00
-3.502201041274568549e+00;1.800832483085470948e+00;2.766456966913556581e+00;-8.663068584748111478e-01;-6.253653210291656439e-01;1.000000000000000000e+00
-2.153903667451837034e+00;-8.300688190881521100e-01;5.647967494079455530e-01;-3.011755926641908943e+00;5.658252269277600499e-01;1.000000000000000000e+00
-2.055084068242606588e+00;1.616459263625120046e+00;1.838959668288062455e+00;-3.113535121593465682e+00;2.110426041683985399e-01;1.000000000000000000e+00
-3.877289579697983157e+00;1.084254739824449532e+00;1.859944057525707795e+00;-4.337395151787048486e-01;-1.687438985668064939e+00;1.000000000000000000e+00
-4.063862114683388427e+00;1.221684371124219237e-01;3.238772535880409809e+00;-3.469182535230129094e+00;-2.241908296533860145e+00;1.000000000000000000e+00
-9.866733260467028255e-02;-2.135598372288650959e-01;3.889294470396808534e-01;-1.012710613564036688e+00;2.989067827516058262e+00;1.000000000000000000e+00
-1.089376189705381082e+00;1.292847901499851071e+00;1.429378772505680351e+00;-3.372136781183983523e+00;9.473420537109558115e-01;1.000000000000000000e+00
-4.817709652560895894e-01;-1.780196955272939363e-01;1.032107820808840337e+00;-2.010280076350091427e+00;3.271028268860183830e-01;1.000000000000000000e+00
-4.870309517891806550e+00;-2.131106105939567286e+00;3.414188712826182748e+00;-5.133988329415682728e+00;-4.889206046251936555e-01;1.000000000000000000e+00
5.917612587346447128e+00;3.482636637156678372e+00;-3.262790706861521173e+00;-3.917584824527690301e+00;1.716380882585972989e+00;0.000000000000000000e+00
8.741338077326988198e+00;-5.738546689369535825e-01;8.970900201662419526e-01;3.851500545404573650e-01;6.790430747977683756e-01;0.000000000000000000e+00
6.439315483534865159e+00;-3.576817452880021175e+00;2.459486930577900576e+00;1.177313718604531712e+00;-7.482409476825972738e-02;0.000000000000000000e+00
3.793382369743538263e+00;-3.584047869817029497e+00;2.088476644877213850e+00;-2.506027984340088555e+00;-5.107224048309235709e-01;0.000000000000000000e+00
1.256179275806490470e+00;-1.902296716899411821e+00;5.627306819764499313e-01;-2.089226853261121786e+00;1.809991008193982065e+00;0.000000000000000000e+00
1.037479405967347468e+01;1.672010105982664419e+00;-1.877029352280556340e+00;-2.356030739815075936e+00;-3.374226788025534024e-02;0.000000000000000000e+00
-5.475243301381242489e+00;-6.706367760607661044e-01;1.490442390525314353e+00;-2.299157195801300624e+00;-1.847026001879498724e-01;1.000000000000000000e+00
